111, 1014, 410, 22, 328, 104, 141, 834, 1146, 322, 172, 993, 675, 1185, 778, 1138, 246, 839, 1105, 946, 1043, 962, 352, 294, 380, 787, 1128, 616, 408, 644, 621, 1186, 341, 226, 193, 1199, 1008, 204, 241, 208, 942, 762, 1029, 921, 735, 346, 97, 70, 58, 647, 943, 272, 52, 568, 933, 310, 738, 1202, 926, 1087, 331, 240, 131, 307, 411, 701, 718, 542, 198, 716, 955, 413, 808, 566, 831, 455, 1051, 382, 1083, 604, 268, 112, 115, 1006, 458, 496, 932, 121, 843, 1037, 901, 507, 452, 260, 559, 475, 1039, 67, 1207, 65, 1001, 765, 527, 747, 994, 726, 140, 849, 1204, 874, 1062, 5, 177, 227, 826, 35, 707, 47, 824, 87, 14, 612, 1170, 1193, 560, 179, 594, 488, 349, 99, 572, 662, 441, 972, 910, 629, 244, 17, 34, 173, 870, 321, 609, 491, 149, 164, 516, 439, 603, 711, 991, 1133, 117, 230, 1113, 1178, 969, 376, 257, 837, 680, 1036, 1206, 486, 730, 891, 40, 190, 403, 982, 11, 216, 1124, 1103, 906, 606, 803, 996, 1203, 791, 979, 229, 974, 406, 1097, 1123, 320, 211, 780, 504, 109, 212, 845, 1072, 1092, 805, 764, 779, 83, 13, 397, 312, 243, 358, 33, 435, 468, 1188, 361, 578, 973, 695, 739, 357, 274, 591, 595, 1107, 1176, 1003, 763, 545, 978, 809, 802, 86, 548, 113, 480, 715, 150, 398, 438, 619, 447, 384, 461, 544, 459, 463, 936, 1018, 116, 474, 850, 963, 42, 280, 232, 741, 390, 32, 144, 1155, 300, 430, 80, 91, 405, 985, 1048, 48, 1187, 1101, 1184, 546, 745, 339, 506, 732, 628, 23, 1052, 1168, 186, 658, 1091, 333, 202, 249, 940, 60, 1098, 253, 53, 315, 602, 314, 753, 866, 303, 688, 296, 367, 231, 960, 175, 590, 1134, 0, 106, 157, 233, 422, 879, 742, 366, 1141, 530, 278, 756, 1086, 1090, 740, 851, 120, 822, 920, 737, 976, 909, 1025, 1026, 625, 759, 1166, 3, 681, 798, 218, 136, 114, 970, 62, 1000, 490, 655, 1028, 1126, 678, 79, 499, 657, 262, 728, 1031, 1173, 649, 875, 325, 1061, 55, 1183, 174, 538, 817, 289, 1100, 261, 119, 205, 228, 964, 78, 182, 49, 163, 1019, 368, 210, 1164, 911, 1153, 38, 347, 1055, 869, 206, 682, 977, 318, 7, 719, 68, 101, 1053, 235, 884, 554, 1162, 696, 256, 667, 505, 258, 170, 427, 110, 873, 487, 636, 1127, 457, 129, 6, 462, 801, 848, 364, 369, 334, 788, 1047, 354, 56, 37, 836, 18, 883, 1175, 860, 588, 1143, 532, 734, 522, 286, 1116, 656, 433, 176, 871, 924, 293, 489, 332, 123, 1021, 607, 569, 541, 161, 378, 1023, 592, 1102, 1194, 118, 673, 855, 135, 302, 958, 73, 574, 769, 938, 132, 725, 1032, 145, 746, 773, 26, 777, 1050, 553, 220, 618, 766, 512, 751, 699, 794, 915, 637, 290, 981, 454, 886, 1150, 627, 533, 138, 1049, 1022, 187, 927, 1136, 381, 562, 137, 153, 284, 632, 324, 862, 448, 556, 1201, 416, 139, 1208, 540, 941, 84, 952, 181, 501, 760, 254, 623, 445, 1169, 622, 930, 467, 482, 720, 967, 724, 195, 375, 259, 476, 362, 107, 1082, 659, 589, 916, 521, 237, 209, 1065, 1106, 1135, 528, 1095, 1129, 1, 670, 12, 529, 434, 484, 600, 685, 677, 1034, 421, 255, 966, 355, 684, 85, 806, 336, 1137, 201, 451, 1108, 305, 983, 1163, 184, 721, 642, 881, 94, 561, 76, 162, 515, 821, 1012, 469, 810, 122, 1171, 199, 671, 471, 814, 1161, 298, 45, 370, 620, 534, 1195, 631, 581, 188, 917, 749, 225, 279, 922, 363, 96, 291, 987, 1038, 984, 285, 266, 217, 273, 51, 1104, 178, 389, 1063, 710, 1011, 168, 723, 295, 835, 1076, 387, 804, 39, 57, 158, 957, 234, 925, 1020, 446, 865, 690, 189, 365, 913, 852, 449, 653, 823, 1009, 790, 872, 69, 127, 1132, 847, 221, 550, 100, 350, 44, 858, 417, 968, 1156, 500, 748, 1093, 1060, 373, 539, 895, 904, 1157, 105, 784, 1110
322, 172, 115, 67, 675, 193, 594, 307, 926, 141, 982, 955, 753, 644, 1193, 1014, 458, 113, 380, 1087, 737, 1185, 621, 52, 762, 993, 296, 430, 111, 491, 97, 559, 53, 346, 87, 112, 701, 331, 452, 212, 616, 962, 946, 851, 542, 341, 1062, 463, 912, 572, 604, 294, 408, 1202, 544, 150, 382, 204, 726, 163, 397, 241, 779, 1105, 475, 624, 198, 144, 681, 268, 411, 870, 849, 257, 942, 591, 716, 1083, 70, 208, 1006, 102, 116, 732, 243, 1001, 320, 492, 1071, 568, 831, 147, 410, 738, 441, 1123, 1029, 1186, 506, 1169, 603, 22, 516, 422, 439, 974, 1053, 447, 730, 803, 924, 352, 696, 826, 0, 711, 765, 838, 837, 1138, 256, 718, 330, 590, 787, 809, 315, 413, 454, 509, 1051, 349, 522, 583, 874, 548, 843, 741, 274, 83, 405, 802, 560, 1055, 356, 369, 891, 86, 173, 612, 1113, 669, 747, 17, 260, 969, 120, 357, 602, 707, 230, 566, 805, 461, 921, 490, 960, 662, 1133, 991, 289, 972, 35, 845, 390, 65, 211, 1098, 1092, 170, 227, 778, 104, 328, 368, 5, 1204, 488, 504, 121, 994, 455, 414, 321, 970, 358, 822, 715, 72, 1018, 936, 486, 1203, 78, 403, 376, 824, 985, 179, 1170, 48, 1168, 767, 19, 244, 139, 1003, 1043, 68, 911, 1052, 1155, 34, 119, 721, 869, 58, 131, 233, 435, 47, 182, 278, 763, 33, 1000, 885, 1047, 656, 21, 308, 109, 149, 291, 1176, 973, 1143, 505, 647, 629, 1141, 599, 229, 468, 545, 1188, 910, 1192, 609, 780, 1146, 853, 890, 735, 654, 680, 1028, 226, 530, 866, 929, 816, 1048, 40, 1019, 1174, 62, 709, 56, 338, 834, 1166, 979, 667, 901, 99, 218, 852, 91, 976, 996, 1037, 1064, 11, 1036, 261, 1102, 595, 64, 114, 920, 339, 42, 527, 1178, 742, 246, 290, 657, 136, 552, 347, 658, 758, 249, 786, 619, 1088, 1126, 164, 432, 832, 253, 875, 348, 1206, 513, 138, 1107, 418, 280, 496, 1068, 334, 578, 55, 101, 1122, 889, 940, 562, 140, 655, 839, 879, 361, 366, 756, 532, 202, 906, 80, 749, 30, 300, 302, 325, 951, 232, 761, 791, 1016, 312, 82, 231, 450, 1057, 3, 117, 474, 1127, 801, 310, 1129, 533, 631, 1097, 1173, 1187, 49, 628, 850, 1070, 1162, 949, 1026, 214, 195, 303, 406, 977, 641, 607, 1091, 569, 1085, 151, 1116, 1134, 606, 817, 13, 130, 873, 880, 923, 200, 963, 32, 400, 245, 286, 210, 459, 769, 306, 666, 678, 695, 1124, 704, 887, 6, 561, 287, 318, 428, 438, 90, 480, 367, 1184, 38, 682, 60, 277, 625, 1039, 206, 4, 225, 79, 162, 584, 240, 529, 1079, 354, 14, 110, 751, 966, 398, 28, 417, 1072, 1058, 1101, 699, 630, 833, 841, 54, 377, 484, 132, 258, 740, 829, 96, 489, 1050, 384, 499, 759, 848, 272, 608, 927, 538, 773, 487, 855, 1031, 180, 215, 262, 615, 702, 933, 190, 427, 471, 1021, 728, 908, 177, 295, 554, 719, 928, 860, 1061, 1199, 224, 507, 764, 997, 375, 123, 235, 948, 649, 74, 462, 1117, 175, 216, 745, 916, 1164, 12, 1042, 465, 909, 203, 1069, 618, 798, 975, 73, 50, 359, 228, 293, 378, 512, 684, 813, 503, 536, 555, 281, 964, 1008, 774, 201, 250, 799, 898, 665, 703, 892, 364, 700, 169, 515, 7, 37, 129, 573, 712, 710, 323, 401, 1002, 160, 754, 878, 988, 342, 546, 836, 844, 896, 999, 15, 622, 636, 598, 915, 746, 650, 672, 248, 153, 254, 451, 574, 84, 1045, 1131, 161, 1183, 426, 1023, 98, 610, 433, 1190, 587, 1165, 388, 448, 1136, 1198, 1106, 635, 668, 1082, 118, 135, 633, 1135, 314, 284, 333, 717, 1144, 613, 192, 571, 1090, 581, 918, 984, 986, 797, 862, 871, 174, 939, 645, 1025, 864, 1154, 524, 540, 734, 1034, 596, 476, 888, 1207, 781, 1111, 425, 525, 1049, 429, 365, 493, 152, 305, 389, 85, 267, 777, 137, 237, 220, 739, 810, 1013, 1054, 44, 209, 1073, 317, 1022, 1059, 453, 601, 332, 556, 775, 283, 579, 1076, 783, 597, 671, 814, 176, 1017, 992, 623, 41, 409, 565, 727, 808, 1205, 445, 255, 478, 500, 304, 205, 238, 634, 724, 460, 998, 106, 495, 815, 1081, 592, 648, 1147, 89, 266, 457, 941, 943, 1125, 301, 789, 897, 557, 482, 575, 76, 690, 795, 632, 806, 436, 1066, 1201, 705, 1103, 134, 234, 494, 944, 1032, 2, 766, 830, 94, 391, 456, 531, 883, 987, 221, 324, 776, 945, 1195, 674, 1012, 107, 181, 31, 1096, 372, 553, 643, 1010, 271, 309, 770, 819, 420, 165, 642, 444, 670, 1038, 1148, 563, 521, 902, 467, 990, 381, 146, 442, 713, 677, 501, 881, 415, 840, 967, 424, 1140, 1208, 820, 673, 1172, 145, 950, 20, 133, 288, 659, 155, 276, 423, 355, 1041, 1065, 469, 714, 279, 743, 285, 43, 473, 1139, 1099, 1150, 1196, 846, 412, 188, 961, 1115, 18, 45, 937, 971, 637, 722, 370, 517, 393, 1152, 191, 344, 934, 387, 683, 184, 477, 1086, 1137, 122, 620, 51, 298, 687, 1011, 1100, 627, 857, 543, 189, 440, 336, 242, 989, 36, 691, 108, 772, 1004, 1121, 29, 69, 449, 859, 1094, 416, 1095, 8, 316, 337, 748, 311, 395, 729, 1067, 126, 485, 1, 903, 292, 1120, 1171, 340, 872, 534, 708, 932, 856, 959, 564, 790, 297, 821, 867, 1180, 720, 402, 664, 470, 733, 614, 1104, 823, 723, 319, 217, 446, 265, 796, 913, 582, 1075, 547, 905, 1191, 785, 394, 784, 270, 567, 931, 1035, 660, 600, 877, 275, 957, 793, 39, 1112, 239, 1200, 1033, 57, 1093, 197, 900, 223, 1118, 105, 1078, 968, 917, 925, 980, 865, 1027, 46, 812, 626, 661, 351, 273, 187, 385, 1157, 847, 207, 539, 508, 954, 127, 983, 868, 75, 158, 520, 736, 1159, 125, 919, 154, 1151, 1110, 899, 882, 863, 194, 213, 178
802, 488, 97, 566, 778, 52, 891, 1014, 504, 87, 408, 1186, 430, 1188, 1087, 116, 973, 791, 948, 65, 164, 86, 312, 1003, 662, 603, 667, 1018, 1085, 115, 474, 320, 824, 274, 315, 406, 837, 249, 822, 552, 72, 1029, 977, 268, 657, 101, 368, 422, 886, 113, 591, 834, 696, 244, 382, 1138, 647, 974, 339, 83, 573, 1133, 5, 226, 955, 1072, 831, 982, 885, 447, 1051, 358, 307, 150, 701, 544, 1168, 735, 901, 193, 946, 616, 890, 322, 229, 230, 172, 325, 1092, 475, 595, 1000, 132, 762, 1185, 742, 1098, 1053, 594, 572, 225, 241, 542, 761, 910, 506, 711, 695, 1048, 272, 499, 321, 459, 654, 318, 11, 1091, 411, 491, 817, 513, 763, 730, 246, 22, 832, 912, 179, 140, 949, 490, 208, 414, 845, 348, 480, 1070, 204, 441, 527, 1037, 731, 746, 232, 60, 78, 779, 1146, 300, 1097, 826, 838, 248, 805, 0, 702, 1006, 117, 718, 400, 1107, 352, 376, 764, 1199, 569, 1173, 568, 767, 839, 936, 906, 964, 970, 256, 102, 253, 257, 110, 787, 780, 960, 294, 562, 1026, 233, 1042, 843, 996, 357, 366, 198, 933, 17, 62, 398, 1203, 884, 331, 349, 765, 979, 929, 70, 1184, 1167, 377, 434, 32, 49, 112, 908, 413, 104, 489, 803, 732, 602, 716, 1116, 870, 758, 1170, 496, 548, 530, 1001, 141, 866, 1176, 28, 669, 869, 942, 658, 809, 629, 798, 879, 383, 428, 766, 40, 997, 144, 314, 678, 993, 1134, 991, 707, 452, 80, 346, 334, 896, 99, 719, 699, 1064, 35, 1083, 1057, 636, 1187, 848, 609, 740, 342, 774, 177, 461, 14, 195, 578, 1101, 157, 260, 759, 27, 214, 341, 613, 951, 1193, 278, 560, 612, 889, 725, 1178, 628, 1043, 921, 801, 240, 1050, 680, 136, 911, 380, 23, 151, 874, 435, 1105, 19, 849, 464, 606, 206, 458, 1202, 1062, 559, 1183, 30, 715, 203, 47, 546, 864, 38, 148, 1206, 438, 623, 304, 1166, 114, 962, 738, 940, 604, 131, 943, 898, 34, 218, 510, 599, 655, 644, 333, 328, 745, 854, 830, 74, 709, 816, 53, 410, 1019, 109, 681, 675, 286, 918, 493, 1198, 149, 1123, 174, 545, 237, 649, 938, 450, 42, 813, 201, 285, 364, 1028, 641, 1162, 1090, 332, 986, 536, 228, 455, 782, 1208, 769, 451, 4, 200, 873, 618, 924, 265, 433, 841, 880, 55, 888, 289, 994, 1025, 449, 777, 1039, 1055, 1124, 68, 210, 807, 1047, 443, 1032, 521, 405, 137, 1056, 1021, 741, 10, 202, 1154, 555, 505, 424, 468, 799, 1096, 812, 1010, 670, 1038, 308, 1061, 976, 33, 41, 543, 682, 1192, 860, 13, 126, 302, 755, 1126, 384, 324, 355, 43, 814, 1194, 462, 326, 619, 656, 1207, 621, 133, 261, 1135, 579, 103, 952, 554, 224, 615, 188, 388, 915, 95, 139, 152, 625, 751, 852, 478, 84, 583, 1102, 311, 1136, 73, 646, 561, 123, 1054, 56, 476, 534, 1049, 485, 794, 85, 923, 1119, 45, 1169, 163, 691, 920, 266, 323, 570, 26, 528, 995, 770, 808, 1175, 624, 673, 160, 235, 1111, 1127, 222, 862, 892, 254, 215, 1129, 63, 120, 632, 290, 723, 584, 897, 980, 988, 1128, 1163, 638, 710, 844, 367, 473, 76, 785, 944, 437, 793, 515, 96, 303, 978, 293, 958, 500, 15, 199, 1131, 107, 1104, 1197, 717, 981, 547, 279, 833, 98, 495, 219, 737, 394, 726, 2, 175, 574, 728, 1122, 643, 706, 445, 173, 648, 607, 972, 1201, 301, 598, 212, 421, 91, 395, 50, 180, 484, 747, 259, 306, 429, 340, 362, 1071, 713, 990, 482, 251, 336, 145, 883, 511, 596, 756, 24, 501, 684, 205, 551, 588, 797, 878, 1076, 627, 687, 134, 316, 917, 947, 1144, 666, 963, 1125, 3, 592, 284, 335, 671, 760, 1172, 90, 734, 220, 245, 409, 465, 708, 69, 338, 1112, 1181, 743, 360, 975, 1002, 162, 631, 471, 620, 729, 147, 541, 1165, 608, 727, 749, 298, 985, 589, 255, 1008, 525, 122, 871, 182, 375, 282, 365, 941, 1189, 677, 161, 1020, 1069, 836, 1195, 111, 900, 64, 454, 1075, 61, 106, 181, 524, 370, 672, 1108, 757, 1065, 626, 146, 664, 509, 6, 359, 634, 748, 851, 378, 961, 463, 1016, 721, 703, 622, 967, 486, 1011, 931, 296, 467, 436, 472, 582, 768, 867, 153, 796, 48, 108, 590, 1045, 674, 1084, 118, 668, 1036, 1068, 305, 835, 130, 922, 1103, 217, 685, 242, 93, 928, 236, 630, 968, 983, 168, 593, 1082, 391, 692, 651, 1143, 427, 1164, 176, 392, 381, 877, 363, 1063, 469, 532, 12, 276, 192, 100, 998, 909, 966, 950, 937, 965, 94, 170, 1147, 786, 119, 653, 887, 1140, 1013, 386, 821, 415, 840, 439, 642, 477, 138, 989, 354, 448, 46, 517, 343, 440, 191, 508, 875, 771, 239, 753, 412, 714, 712, 945, 1137, 565, 927, 804, 275, 402, 129, 262, 1030, 526, 932, 372, 815, 790, 297, 567, 238, 281, 329, 850, 907, 693, 292, 775, 67, 650, 934, 1120, 1139, 158, 135, 788, 820, 1145, 1009, 487, 512, 868, 234, 271, 1073, 1151, 690, 1041, 128, 1205, 1059, 9, 154, 683, 8, 1077, 124, 564, 659, 470, 872, 575, 1190, 1114, 36, 1017, 184, 231, 1159, 772, 1078, 858, 1157, 895, 733, 125, 700, 783, 913, 189, 127, 16, 539, 44, 417, 1, 893, 1004, 736
61, 435, 208, 1053, 696, 469, 164, 52, 113, 32, 490, 616, 998, 1043, 19, 307, 543, 1092, 644, 230, 1014, 1125, 749, 408, 1193, 805, 803, 35, 778, 358, 808, 82, 675, 822, 112, 1204, 140, 753, 609, 144, 368, 701, 730, 1170, 946, 891, 758, 1188, 678, 70, 809, 839, 1162, 458, 737, 654, 13, 21, 816, 72, 1003, 115, 948, 1055, 272, 341, 450, 1037, 936, 243, 226, 572, 1206, 40, 942, 380, 83, 87, 348, 296, 331, 58, 716, 973, 322, 560, 991, 1070, 911, 1006, 11, 439, 97, 427, 300, 544, 915, 1028, 993, 1069, 624, 346, 22, 966, 702, 398, 1029, 741, 320, 1071, 802, 1087, 566, 834, 852, 747, 506, 136, 1001, 955, 1129, 870, 60, 603, 657, 116, 188, 545, 610, 740, 99, 986, 376, 86, 1186, 294, 17, 950, 147, 1187, 647, 64, 282, 1185, 1146, 447, 131, 962, 745, 274, 601, 885, 357, 56, 102, 739, 449, 824, 634, 969, 438, 1167, 855, 454, 193, 926, 1098, 321, 330, 742, 382, 406, 731, 257, 838, 1047, 91, 295, 443, 662, 879, 141, 584, 829, 486, 291, 567, 972, 410, 591, 244, 383, 780, 762, 996, 1062, 38, 210, 1072, 177, 628, 80, 126, 150, 583, 1123, 198, 513, 890, 310, 356, 921, 1184, 172, 612, 62, 173, 375, 1202, 629, 488, 256, 369, 798, 249, 78, 229, 504, 1163, 704, 869, 604, 681, 1051, 377, 527, 831, 843, 149, 715, 104, 982, 4, 289, 1169, 411, 1083, 625, 492, 1199, 782, 1000, 791, 874, 960, 468, 1019, 287, 971, 1141, 763, 832, 503, 573, 1021, 268, 422, 1085, 163, 1061, 732, 923, 548, 27, 510, 974, 30, 352, 1134, 940, 366, 761, 284, 777, 979, 509, 655, 325, 459, 0, 658, 1116, 707, 314, 499, 896, 489, 1079, 801, 365, 1138, 212, 1111, 1113, 552, 578, 786, 568, 774, 1088, 665, 592, 559, 619, 759, 1091, 204, 496, 500, 110, 339, 391, 1183, 90, 1106, 1133, 727, 783, 1173, 501, 1122, 211, 738, 1026, 111, 463, 621, 101, 246, 464, 1124, 400, 784, 1107, 575, 1168, 1176, 89, 390, 949, 328, 853, 455, 648, 65, 277, 334, 364, 932, 235, 906, 227, 1166, 650, 897, 873, 465, 55, 787, 279, 393, 153, 290, 1042, 901, 224, 401, 964, 769, 887, 179, 636, 726, 324, 474, 718, 765, 920, 530, 1016, 684, 280, 667, 417, 711, 967, 910, 218, 1090, 1011, 428, 312, 1064, 1203, 1057, 133, 10, 826, 536, 293, 475, 656, 452, 1032, 132, 848, 313, 631, 240, 1127, 405, 473, 844, 7, 53, 721, 533, 305, 139, 134, 145, 565, 1174, 151, 48, 162, 688, 1101, 516, 722, 1056, 114, 138, 799, 248, 764, 864, 347, 976, 266, 433, 645, 199, 542, 975, 441, 898, 1018, 866, 1096, 614, 480, 1073, 546, 944, 354, 384, 308, 620, 2, 804, 332, 26, 423, 637, 755, 646, 700, 1208, 303, 298, 47, 137, 538, 426, 690, 407, 502, 939, 361, 1038, 534, 161, 306, 262, 781, 247, 589, 1189, 850, 608, 399, 478, 632, 623, 830, 225, 41, 1128, 581, 579, 796, 643, 1119, 1025, 429, 1054, 768, 1102, 471, 590, 1033, 222, 67, 174, 992, 176, 342, 231, 713, 863, 893, 160, 597, 709, 317, 85, 1099, 666, 215, 1136, 1022, 191, 415, 521, 733, 854, 571, 219, 561, 84, 203, 66, 20, 811, 1049, 1012, 175, 1132, 394, 587, 642, 281, 1008, 424, 766, 963, 883, 45, 495, 814, 100, 927, 292, 1068, 1030, 793, 723, 378, 220, 593, 1035, 1147, 201, 598, 446, 467, 81, 421, 77, 978, 1175, 370, 639, 1031, 264, 168, 867, 3, 457, 812, 1108, 596, 59, 25, 905, 820, 1024, 775, 1103, 659, 827, 679, 540, 1084, 1201, 125, 1112, 404, 1121, 586, 557, 563, 1139, 931, 627, 372, 242, 1120, 708, 1200, 276, 865, 329
675, 1185, 568, 411, 208, 1043, 198, 172, 52, 193, 97, 1029, 1014, 341, 942, 946, 738, 616, 322, 678, 762, 962, 891, 408, 144, 140, 936, 1072, 940, 994, 1087, 809, 604, 973, 6, 559, 321, 644, 352, 996, 149, 1105, 869, 890, 380, 1193, 17, 1083, 1188, 218, 241, 1037, 1203, 763, 649, 286, 911, 488, 695, 496, 843, 1048, 1090, 112, 1134, 49, 658, 955, 926, 758, 30, 849, 572, 826, 80, 441, 410, 434, 870, 1204, 619, 1154, 119, 1006, 816, 300, 358, 718, 34, 141, 382, 435, 204, 979, 268, 566, 307, 702, 977, 609, 976, 1202, 419, 376, 1070, 542, 278, 621, 4, 831, 232, 65, 78, 452, 654, 701, 656, 42, 764, 594, 132, 475, 53, 773, 331, 667, 1098, 552, 1051, 62, 803, 357, 1061, 258, 287, 131, 136, 116, 499, 530, 445, 1003, 791, 246, 805, 527, 787, 504, 546, 114, 578, 910, 230, 261, 428, 662, 294, 432, 759, 513, 349, 1168, 778, 480, 1000, 603, 885, 1057, 964, 974, 201, 765, 732, 147, 681, 433, 991, 60, 740, 777, 595, 906, 1142, 782, 1026, 628, 1092, 1116, 405, 82, 489, 707, 312, 730, 150, 1055, 99, 573, 898, 345, 960, 1126, 629, 694, 377, 1015, 450, 368, 896, 86, 1176, 1184, 1199, 1085, 993, 244, 320, 755, 879, 972, 1032, 32, 544, 726, 506, 548, 1177, 541, 769, 55, 10, 27, 588, 1183, 151, 747, 848, 873, 1052, 612, 854, 929, 801, 655, 11, 497, 1021, 1143, 866, 229, 70, 314, 888, 985, 799, 384, 13, 67, 360, 981, 113, 1148, 424, 1117, 207, 1107, 442, 464, 134, 807, 397, 666, 880, 332, 251, 95, 104, 1155, 829, 1101, 324, 627, 84, 236, 836, 85, 1147, 38, 1124, 1162, 585, 173, 199, 1198, 742, 1019, 20, 657, 1111, 680, 1050, 463, 924, 3, 175, 364, 111, 538, 753, 986, 188, 705, 280, 362, 920, 586, 818, 192, 403, 1056, 995, 33, 982, 1036, 455, 423, 303, 615, 296, 444, 148, 505, 892, 639, 224, 107, 153, 1163, 851, 760, 633, 582, 855, 163, 262, 1034, 243, 212, 1096, 795, 739, 123, 592, 589, 7, 372, 631, 222, 590, 1049, 18, 638, 421, 338, 73, 37, 524, 1073, 334, 652, 523, 137, 381, 468, 369, 69, 347, 120, 259, 737, 501, 512, 439, 690, 68, 1053, 1129, 485, 967, 719, 696, 409, 484, 622, 522, 532, 722, 871, 1208, 555, 734, 482, 1054, 39, 476, 1112, 746, 679, 583, 457, 1095, 170, 1082, 1119, 370, 670, 665, 1084, 833, 1102, 875, 794, 239, 44, 944, 299, 266, 416, 1068, 808, 728, 1042, 388, 24, 820, 860, 162, 1201, 511, 448, 265, 470, 152, 521, 135, 194, 75, 195, 100, 1009, 868, 691, 958, 893, 917, 189, 867, 916, 913, 1033, 1151, 1157, 626, 743, 1007, 105
501, 91, 243, 111, 463, 753, 1029, 982, 1014, 909, 227, 599, 1023, 294, 182, 380, 1053, 1193, 230, 490, 186, 941, 211, 67, 341, 260, 726, 735, 621, 998, 439, 838, 358, 607, 1037, 632, 875, 637, 204, 1206, 141, 719, 87, 410, 458, 616, 449, 1071, 486, 161, 1105, 3, 83, 418, 469, 1003, 1043, 98, 1170, 604, 322, 1123, 413, 567, 231, 296, 54, 180, 104, 1095, 1132, 810, 787, 465, 572, 137, 113, 675, 82, 240, 409, 766, 950, 33, 529, 874, 747, 1001, 911, 117, 50, 290, 576, 1008, 328, 1127, 921, 17, 121, 163, 354, 293, 544, 724, 1178, 1083, 361, 969, 52, 198, 408, 131, 297, 47, 1051, 1064, 48, 256, 972, 837, 962, 149, 346, 915, 967, 554, 190, 839, 1174, 129, 855, 754, 819, 1131, 22, 468, 680, 1036, 1185, 566, 1202, 172, 646, 916, 1039, 145, 987, 739, 963, 718, 170, 21, 217, 331, 440, 140, 836, 1113, 455, 662, 79, 115, 560, 65, 1107, 202, 1145, 109, 175, 503, 923, 971, 1019, 138, 253, 516, 247, 671, 205, 479, 298, 959, 51, 308, 778, 644, 824, 359, 403, 831, 642, 70, 150, 970, 1031, 1204, 420, 845, 1133, 147, 802, 216, 619, 910, 457, 1022, 259, 1169, 1124, 780, 957, 338, 368, 1025, 883, 448, 1006, 1141, 61, 108, 844, 979, 229, 291, 533, 541, 581, 153, 507, 633, 237, 702, 179, 280, 176, 477, 1086, 388, 257, 492, 106, 192, 218, 927, 602, 692, 1162, 430, 623, 850, 251, 208, 1069, 677, 1106, 248, 25, 220, 860, 8, 34, 224, 625, 19, 716, 450, 1129, 506, 901, 1088, 1102, 728, 1115, 279, 320, 416, 241, 1164, 116, 761, 13, 406, 669, 164, 367, 840, 238, 603, 715, 986, 436, 390, 199, 446, 568, 826, 307, 35, 162, 1207, 94, 85, 212, 233, 767, 922, 771, 313, 563, 28, 758, 1028, 924, 1087, 72, 422, 221, 509, 158, 920, 668, 594, 993, 347, 272, 740, 193, 209, 415, 617, 696, 1134, 58, 730, 891, 990, 913, 1146, 312, 461, 946, 545, 574, 1198, 887, 917, 586, 992, 822, 285, 335, 756, 1186, 556, 144, 636, 1093, 14, 352, 525, 42, 235, 262, 324, 1042, 1188, 89, 885, 342, 427, 932, 254, 476, 592, 772, 1065, 808, 1047, 474, 834, 657, 6, 334, 1184, 709, 513, 749, 880, 996, 870, 907, 944, 90, 1136, 222, 737, 912, 395, 595, 1122, 589, 707, 809, 250, 991, 746, 790, 590, 815, 1128, 12, 156, 587, 608, 277, 398, 559, 701, 174, 226, 452, 482, 1109, 438, 673, 820, 629, 1002, 741, 1150, 531, 695, 871, 897, 441, 678, 496, 173, 454, 126, 1076, 84, 225, 649, 1054, 942, 130, 999, 1057, 1034, 1055, 1000, 365, 232, 763, 723, 930, 467, 618, 981, 105, 357, 764, 491, 421, 798, 961, 244, 1061, 536, 56, 708, 165, 68, 700, 926, 984, 502, 656, 853, 310, 266, 471, 553, 609, 1097, 20, 219, 744, 799, 1017, 1140, 443, 378, 397, 973, 505, 584, 1038, 1081, 985, 645, 743, 1143, 336, 1167, 751, 1092, 203, 1018, 734, 805, 940, 997, 99, 538, 759, 1165, 37, 353, 355, 523, 670, 24, 101, 274, 788, 100, 765, 522, 1208, 321, 742, 938, 317, 177, 977, 303, 710, 886, 1100, 53, 245, 118, 847, 903, 62, 648, 30, 249, 405, 286, 493, 543, 578, 929, 366, 816, 524, 955, 189, 612, 835, 114, 136, 423, 1050, 1052, 400, 428, 97, 638, 1085, 57, 487, 1012, 674, 791, 1098, 1147, 721, 862, 864, 447, 665, 782, 295, 435, 833, 7, 329, 849, 187, 282, 711, 865, 1163, 1175, 434, 168, 377, 777, 672, 720, 39, 55, 812, 570, 631, 785, 76, 1013, 1126, 542, 598, 1191, 774, 1199, 125, 127, 268, 393, 281, 611, 600, 1072, 485, 1187, 630, 327, 49, 691, 848, 1063, 148, 801, 348, 934, 86, 624, 908, 936, 717, 411, 195, 786, 201, 1168, 635, 18, 326, 234, 417, 1201, 975, 11, 681, 75, 954, 273, 387, 688, 391, 658, 773, 1040, 873, 918, 134, 1137, 442, 667, 95, 261, 546, 841, 983, 459, 653, 814, 846, 184, 362, 426, 1082, 15, 123, 890, 628, 745, 807, 191, 292, 484, 582, 45, 565, 1192, 530, 806, 453, 504, 685, 1172, 363, 832, 32, 1166, 699, 1090, 1183, 521, 437, 579, 859, 429, 821, 228, 1062, 369, 727, 1033, 879, 1108, 146, 462, 881, 376, 1077, 29, 561, 659, 1125, 263, 564, 892, 375, 557, 966, 829, 830, 60, 81, 246, 722, 1120, 120, 135, 475, 856, 1111, 36, 684, 914, 1101, 866, 210, 1073, 800, 258, 350, 389, 748, 994, 666, 38, 1171, 275, 591, 877, 1, 682, 789, 1181, 577, 515, 102, 206, 1078, 110, 872, 1203, 215, 948, 770, 1151, 762, 315, 689, 451, 939, 1026, 1189, 795, 152, 526, 41, 713, 601, 1046, 540, 693, 811, 373, 1035, 10, 823, 868, 500, 383, 309, 532, 340, 370, 1068, 906, 1058, 989, 953, 1177, 900, 783, 1157, 31, 1139, 489, 1161, 663, 861, 302, 78, 562, 627, 112, 444, 445, 1070, 925, 738, 964, 869, 276, 898, 593, 325, 178, 569, 460, 44, 200, 610, 323, 207, 1153, 1103, 1104, 1156, 528, 404, 425, 433, 1110, 73, 77, 185, 937, 132, 551, 960, 1190, 394, 472, 945, 399, 1112, 755, 517, 1154, 239, 733, 372, 306, 626, 931, 508, 895, 597, 242, 1015, 287, 585, 1027, 712, 956, 497, 888, 46, 385, 1060, 92, 432, 1118, 784, 1084, 464, 223, 371, 1041, 539, 197, 518, 1142, 481, 736, 289, 968, 899, 976, 1005, 580, 194
1014, 891, 802, 52, 1087, 322, 719, 193, 97, 1185, 1029, 230, 408, 657, 208, 982, 955, 504, 566, 172, 696, 452, 1048, 946, 616, 268, 542, 1026, 380, 488, 762, 248, 422, 1053, 86, 973, 791, 206, 104, 1188, 552, 886, 65, 115, 164, 948, 406, 72, 1193, 241, 87, 667, 307, 602, 826, 1051, 1018, 912, 711, 475, 901, 1042, 594, 334, 834, 382, 113, 312, 474, 644, 837, 1186, 249, 831, 942, 974, 1098, 591, 441, 527, 244, 198, 962, 1167, 778, 843, 101, 972, 675, 411, 225, 320, 1072, 315, 352, 701, 849, 246, 544, 603, 179, 568, 1105, 1168, 339, 11, 99, 619, 342, 1133, 233, 761, 321, 346, 874, 358, 447, 805, 718, 1000, 612, 300, 204, 977, 376, 491, 278, 910, 658, 824, 150, 414, 780, 83, 5, 816, 890, 695, 623, 331, 357, 1173, 889, 1043, 112, 738, 926, 746, 294, 936, 766, 621, 764, 1138, 817, 1001, 34, 1146, 1003, 140, 885, 1050, 716, 726, 949, 996, 779, 1091, 116, 256, 430, 654, 141, 1155, 70, 906, 132, 459, 368, 997, 257, 1070, 505, 569, 1085, 226, 513, 530, 341, 911, 548, 662, 1204, 349, 348, 506, 994, 60, 232, 1199, 1092, 33, 17, 174, 765, 28, 480, 438, 49, 490, 991, 656, 117, 274, 383, 1126, 258, 369, 1037, 595, 869, 879, 929, 413, 832, 839, 1184, 803, 555, 918, 13, 1116, 463, 325, 845, 42, 203, 499, 702, 609, 157, 536, 410, 251, 0, 822, 1006, 1202, 434, 573, 774, 606, 1062, 870, 1057, 486, 993, 14, 496, 493, 62, 629, 38, 699, 318, 22, 366, 735, 1203, 173, 35, 148, 940, 1052, 1061, 163, 1097, 510, 560, 32, 260, 680, 461, 944, 435, 641, 647, 229, 759, 78, 109, 763, 1102, 390, 970, 1176, 240, 428, 572, 633, 377, 908, 730, 1208, 149, 177, 884, 195, 310, 740, 68, 111, 599, 47, 214, 364, 1134, 120, 979, 1083, 669, 643, 798, 578, 924, 1162, 938, 27, 400, 978, 915, 80, 398, 767, 794, 458, 588, 670, 308, 742, 1107, 19, 253, 921, 933, 561, 628, 1096, 725, 801, 1187, 636, 1192, 451, 464, 618, 356, 58, 110, 521, 986, 1170, 41, 864, 1123, 424, 114, 468, 1183, 289, 1141, 56, 82, 546, 747, 741, 224, 737, 1124, 26, 625, 1198, 1129, 1166, 326, 95, 758, 896, 709, 923, 787, 848, 347, 655, 272, 67, 324, 715, 862, 1113, 314, 613, 286, 450, 228, 4, 144, 6, 333, 152, 579, 1101, 838, 484, 328, 1025, 554, 732, 920, 306, 131, 261, 139, 215, 355, 807, 218, 280, 303, 201, 1178, 545, 243, 981, 73, 405, 880, 809, 426, 773, 1143, 1038, 592, 136, 388, 985, 638, 43, 443, 433, 871, 91, 1163, 751, 830, 1064, 455, 397, 76, 814, 833, 969, 442, 1019, 1152, 119, 728, 1084, 103, 107, 516, 361, 541, 188, 396, 1028, 1128, 873, 21, 160, 293, 551, 266, 345, 1031, 648, 1032, 18, 1068, 1111, 1055, 681, 53, 74, 96, 722, 851, 367, 844, 607, 279, 756, 782, 511, 596, 186, 1036, 85, 311, 878, 793, 976, 429, 632, 222, 1122, 583, 407, 692, 995, 590, 45, 182, 785, 1049, 378, 476, 1135, 439, 340, 498, 134, 1164, 941, 1172, 259, 576, 753, 515, 534, 852, 952, 547, 958, 963, 1071, 403, 98, 437, 875, 988, 1174, 706, 1131, 1201, 1080, 1175, 538, 570, 631, 284, 808, 302, 351, 210, 713, 1054, 478, 749, 729, 888, 760, 84, 200, 627, 237, 290, 668, 199, 935, 1047, 15, 63, 806, 2, 598, 48, 162, 175, 212, 673, 525, 180, 797, 298, 671, 335, 1165, 543, 883, 1095, 691, 1189, 509, 533, 1136, 202, 323, 330, 813, 990, 304, 529, 860, 12, 137, 301, 267, 421, 961, 123, 362, 727, 181, 381, 584, 159, 1104, 161, 425, 854, 705, 892, 465, 375, 712, 717, 967, 50, 574, 846, 1020, 635, 646, 1008, 20, 54, 285, 734, 897, 630, 391, 37, 586, 165, 354, 145, 684, 795, 914, 445, 710, 1207, 512, 1076, 1169, 1112, 169, 836, 1023, 24, 687, 1127, 674, 902, 359, 589, 518, 768, 138, 316, 531, 989, 129, 1011, 255, 370, 796, 118, 296, 427, 651, 485, 957, 1044, 436, 1115, 1125, 931, 176, 477, 522, 360, 1063, 305, 155, 395, 130, 704, 31, 135, 170, 975, 748, 126, 1148, 394, 482, 781, 1195, 605, 626, 677, 501, 1016, 1103, 593, 850, 1081, 69, 1074, 666, 81, 231, 1108, 532, 265, 205, 219, 1069, 242, 608, 821, 454, 79, 571, 1094, 823, 269, 1010, 235, 500, 467, 757, 1082, 577, 900, 922, 937, 708, 1089, 146, 1022, 1140, 887, 523, 965, 1075, 156, 282, 1180, 158, 472, 615, 418, 106, 133, 622, 867, 582, 968, 473, 128, 927, 723, 917, 840, 665, 553, 46, 409, 487, 620, 217, 835, 1088, 524, 234, 855, 672, 1040, 64, 659, 721, 1200, 503, 1086, 469, 94, 642, 1041, 262, 664, 685, 930, 998, 1030, 676, 714, 966, 197, 634, 494, 770, 686, 564, 1065, 575, 743, 916, 277, 448, 297, 59, 292, 168, 815, 804, 122, 479, 690, 790, 903, 812, 1137, 393, 415, 166, 703, 184, 270, 775, 1120, 343, 771, 1013, 263, 372, 238, 772, 239, 449, 950, 508, 983, 392, 877, 412, 567, 907, 1066, 1159, 1191, 281, 387, 786, 329, 820, 882, 271, 1009, 386, 945, 700, 9, 1205, 108, 1017, 565, 350, 913, 44, 1, 788, 1077, 191, 872, 223, 557, 736, 16, 154, 36, 895, 105, 1004, 783, 125, 143
322, 241, 112, 52, 430, 339, 348, 422, 839, 115, 83, 177, 822, 544, 591, 955, 113, 552, 594, 949, 504, 368, 150, 65, 1178, 459, 926, 1000, 410, 701, 307, 1092, 86, 70, 569, 758, 1186, 603, 447, 946, 890, 837, 885, 208, 805, 1188, 488, 901, 179, 82, 78, 1018, 193, 411, 172, 320, 824, 441, 315, 802, 87, 1072, 60, 1168, 669, 406, 474, 377, 675, 300, 831, 845, 434, 948, 778, 974, 435, 774, 566, 1133, 636, 986, 268, 1098, 1003, 376, 1006, 318, 809, 912, 1048, 997, 506, 595, 17, 382, 654, 383, 1138, 1070, 117, 767, 325, 970, 870, 834, 400, 1029, 475, 910, 1203, 490, 711, 249, 131, 414, 1085, 657, 962, 695, 1096, 408, 543, 116, 696, 1014, 616, 34, 848, 204, 699, 791, 817, 908, 357, 40, 1187, 911, 244, 667, 718, 49, 929, 491, 803, 1001, 762, 662, 972, 226, 11, 274, 1155, 62, 80, 1057, 573, 843, 702, 1116, 874, 977, 647, 530, 1146, 740, 742, 443, 72, 452, 471, 764, 780, 256, 101, 331, 891, 13, 738, 572, 1051, 355, 624, 1173, 964, 731, 973, 58, 294, 22, 312, 906, 499, 625, 838, 936, 993, 527, 658, 832, 144, 225, 1087, 0, 991, 1105, 413, 97, 542, 759, 198, 99, 489, 761, 730, 534, 164, 918, 358, 604, 606, 884, 612, 726, 1204, 140, 568, 678, 1055, 480, 35, 229, 365, 548, 114, 641, 826, 1185, 609, 798, 1193, 232, 1167, 458, 816, 95, 615, 716, 493, 1199, 583, 960, 814, 5, 631, 584, 110, 149, 173, 324, 1053, 342, 801, 879, 246, 979, 555, 120, 749, 1202, 230, 830, 996, 1037, 500, 648, 628, 53, 1038, 629, 942, 398, 1184, 45, 513, 867, 380, 644, 621, 735, 681, 940, 107, 1083, 1062, 136, 969, 19, 1091, 433, 214, 924, 278, 366, 873, 938, 1036, 375, 346, 982, 68, 933, 1107, 1043, 326, 451, 461, 602, 174, 562, 610, 32, 818, 311, 27, 1026, 745, 633, 341, 438, 680, 132, 139, 50, 42, 896, 546, 496, 321, 869, 352, 103, 424, 866, 554, 253, 1113, 296, 598, 632, 1111, 677, 43, 260, 1076, 56, 272, 104, 2, 1170, 655, 1052, 163, 74, 314, 704, 287, 450, 944, 162, 886, 1134, 988, 1126, 195, 257, 715, 492, 1054, 308, 763, 841, 1025, 55, 578, 707, 732, 18, 390, 646, 243, 304, 1176, 328, 478, 559, 1163, 1064, 1208, 1069, 251, 1061, 1154, 713, 789, 405, 760, 330, 613, 833, 528, 656, 746, 765, 498, 737, 570, 1101, 708, 1206, 1117, 1169, 785, 1122, 1166, 15, 100, 364, 1019, 1145, 349, 432, 623, 808, 333, 85, 1021, 391, 439, 741, 978, 1192, 28, 98, 495, 1058, 1049, 1090, 369, 302, 61, 203, 73, 201, 240, 21, 1032, 1047, 298, 455, 1152, 923, 148, 1102, 91, 1183, 1198, 224, 536, 766, 33, 152, 442, 705, 38, 1011, 141, 618, 1028, 384, 880, 41, 429, 561, 332, 345, 755, 862, 892, 1042, 751, 291, 476, 421, 437, 529, 361, 388, 454, 460, 852, 875, 533, 301, 469, 812, 206, 501, 84, 1136, 323, 860, 975, 237, 511, 334, 516, 219, 465, 994, 1080, 1010, 670, 182, 898, 864, 784, 26, 883, 769, 666, 1106, 1135, 1141, 638, 1175, 233, 980, 622, 507, 966, 787, 1063, 231, 392, 37, 445, 671, 757, 1071, 777, 523, 1030, 259, 295, 470, 727, 596, 266, 484, 394, 684, 920, 608, 952, 362, 360, 574, 370, 650, 900, 690, 254, 515, 1129, 976, 153, 887, 582, 576, 212, 620, 1015, 917, 1131, 868, 897, 722, 1149, 205, 509, 217, 691, 340, 209, 96, 63, 835, 1104, 407, 634, 1191, 728, 316, 427, 601, 1140, 261, 815, 279, 813, 806, 419, 1201, 1075, 285, 399, 403, 957, 588, 1197, 463, 851, 401, 653, 1016, 64, 227, 739, 853, 276, 514, 235, 1165, 661, 796, 685, 882, 48, 248, 756, 503, 958, 468, 448, 665, 359, 770, 335, 293, 768, 823, 409, 733, 724, 1020, 417, 472, 147, 719, 1082, 579, 643, 721, 674, 397, 1115, 20, 71, 245, 710, 168, 303, 693, 486, 589, 673, 863, 1127, 444, 747, 1033, 183, 416, 524, 1207, 393, 922, 607, 1023, 122, 754, 1156, 123, 180, 415, 811, 998, 932, 521, 877, 24, 309, 77, 190, 627, 916, 508, 753, 1125, 810, 1095, 262, 786, 788, 255, 748, 967, 265, 676, 950, 31, 617, 220, 477, 575, 928, 999, 270, 712, 93, 44, 565, 1078, 538, 776, 1088, 94, 645, 930, 39, 350, 29, 1079, 547, 619, 703, 915, 1148, 855, 242, 985, 820, 1012, 277, 714, 284, 692, 913, 1174, 1046, 556, 159, 697, 89, 239, 189, 729, 66, 105, 968, 185, 281, 563, 379, 108, 473, 567, 1059, 961, 1073, 88, 344, 614, 829, 222, 611, 250, 1093, 1137, 587, 743, 283, 640, 1196, 456, 211, 1147, 111, 651, 987, 247, 945, 723, 133, 804, 872, 639, 154, 317, 404, 893, 984, 297, 292, 1060, 142, 894, 280, 752, 282, 857, 440, 343, 549, 775, 313, 531, 1086, 700, 800, 971, 145, 865, 446, 1161, 781, 550, 59, 137, 783, 1179, 449, 169, 939, 1066, 847, 540, 664, 234, 581, 1077, 223, 36, 963, 1160, 372, 129, 600, 687, 371, 934, 1035, 271, 135, 539, 590, 663, 387, 158, 937, 881, 927, 1159, 858, 1017, 659, 386, 483, 790, 79, 127, 1114, 1005, 992, 919, 252, 353, 744, 221, 1157, 125, 1110, 895, 1, 373, 904
765, 556, 244, 175, 738, 866, 527, 234, 628, 532, 591, 578, 246, 850, 906, 609, 496, 1203, 762, 7, 994, 718, 984, 455, 300, 80, 809, 1146, 779, 650, 713, 131, 450, 891, 623, 973, 475, 559, 1000, 53, 366, 1204, 34, 560, 157, 936, 376, 5, 198, 1190, 3, 287, 702, 97, 476, 889, 548, 682, 865, 741, 616, 767, 188, 435, 1188, 942, 109, 40, 805, 821, 17, 602, 344, 32, 641, 203, 370, 681, 239, 515, 19, 408, 991, 302, 993, 204, 874, 884, 499, 162, 201, 406, 151, 216, 414, 447, 1037, 542, 662, 1097, 740, 945, 978, 639, 873, 841, 150, 88, 1186, 612, 307, 1168, 958, 432, 292, 648, 22, 758, 27, 1184, 489, 669, 390, 26, 179, 149, 461, 934, 820, 743, 834, 93, 1165, 136, 566, 775, 134, 62, 885, 174, 58, 940, 1085, 116, 504, 365, 647, 83, 422, 144, 249, 722, 410, 791, 331, 72, 430, 701, 140, 452, 488, 870, 368, 964, 306, 946, 1103, 153, 1176, 769, 565, 1141, 490, 189, 1105, 325, 346, 843, 112, 801, 908, 603, 86, 835, 382, 1199, 886, 777, 832, 511, 268, 383, 952, 979, 506, 1185, 316, 806, 923, 322, 568, 65, 320, 510, 47, 493, 739, 218, 1144, 1178, 1018, 11, 707, 572, 839, 209, 1043, 66, 960, 1006, 631, 955, 1045, 710, 1087, 636, 929, 932, 114, 256, 822, 423, 1136, 341, 152, 711, 735, 1187, 912, 1202, 594, 1014, 38, 879, 848, 78, 0, 55, 352, 336, 1096, 349, 981, 260, 438, 761, 831, 15, 513, 747, 1127, 4, 312, 530, 101, 731, 94, 599, 951, 654, 824, 1201, 74, 974, 113, 339, 976, 604, 1031, 398, 888, 456, 672, 868, 375, 1049, 675, 221, 969, 338, 982, 241, 1065, 315, 470, 474, 1, 335, 643, 293, 1080, 1128, 202, 1068, 1134, 901, 1001, 665, 737, 920, 742, 35, 763, 962, 1147, 1173, 377, 378, 199, 110, 918, 1116, 360, 570, 405, 730, 342, 1029, 910, 1133, 334, 1061, 492, 704, 403, 480, 160, 412, 517, 610, 229, 1057, 21, 91, 849, 919, 1070, 1170, 362, 1008, 845, 13, 883, 139, 70, 655, 721, 790, 111, 611, 37, 1025, 551, 507, 1072, 606, 283, 972, 132, 814, 869, 963, 1100, 1009, 1048, 87, 245, 629, 644, 1107, 326, 781, 937, 420, 589, 1055, 329, 427, 904, 1042, 1062, 138, 598, 678, 667, 706, 917, 1135, 717, 659, 1148, 770, 1198, 509, 1205, 82, 726, 1021, 803, 240, 544, 439, 751, 896, 75, 522, 291, 970, 323, 881, 1090, 252, 384, 876, 501, 797, 596, 657, 872, 1149, 68, 141, 318, 1193, 79, 1206, 265, 1017, 243, 48, 467, 56, 463, 330, 861, 262, 267, 473, 687, 893, 89, 1071, 1092, 115, 299, 388, 899, 536, 124, 553, 433, 621, 248, 177, 242, 592, 800, 579, 734, 486, 1125, 666, 760, 1060, 732, 887, 67, 357, 521, 892, 1101, 146, 1063, 286, 546, 630, 795, 685, 719, 81, 206, 281, 495, 1038, 296, 987, 1016, 147, 688, 271, 1019, 18, 564, 1047, 45, 624, 391, 915, 224, 903, 363, 1002, 680, 1117, 1183, 615, 1099, 434, 445, 808, 846, 99, 582, 1139, 613, 1076, 633, 948, 106, 944, 223, 298, 514, 528, 98, 36, 158, 454, 173, 85, 1126, 601, 337, 387, 172, 571, 1073, 135, 127, 225, 617, 163, 600, 332, 359, 1180, 533, 95, 379, 399, 426, 950, 1175, 125, 927, 1093, 985, 418, 424, 29, 727, 133, 829, 880, 76, 389, 457, 939, 794, 640, 878, 1082, 145, 789, 1157, 33, 567, 1069, 1114, 425, 212, 588, 282, 1189, 297, 608, 250, 525, 597, 905, 746, 634, 867, 1121, 652, 1007, 696, 796, 1039, 20, 922, 753, 900, 656, 836, 484, 1084, 967, 1118, 625, 677, 856, 1086, 100, 6, 119, 64, 661, 155, 236, 524, 1130, 531, 998, 750, 534, 1013, 619, 1164, 254, 255, 264, 847, 498, 186, 811, 468, 288, 1137, 990, 864, 691, 776, 1122, 169, 651, 792, 914, 118, 421, 851, 231, 57, 373, 968, 723, 862, 999, 733, 1036, 469, 550, 1041, 238, 393, 1054, 1208, 395, 471, 995, 165, 705, 39, 928, 295, 1088, 369, 280, 126, 220, 607, 784, 327, 191, 1104, 627, 372, 1108, 440, 827, 61, 1089, 1035, 485, 956, 690, 50, 1078, 259, 772, 804, 1044, 107, 431, 12, 9, 385, 73, 1143, 871, 460, 313, 317, 1024, 1075, 549, 748, 913, 2, 720, 708, 444, 1011, 1145, 194, 788, 449, 637, 477, 714, 446, 925, 1004, 1132, 54, 25, 724, 957, 1079, 168, 143, 983, 353, 1033, 1110, 178, 700, 1046, 736, 213, 417, 523, 520, 270, 1030, 539, 392, 1151, 989, 971
718, 578, 158, 455, 906, 978, 1206, 246, 257, 865, 745, 609, 380, 716, 527, 26, 701, 560, 958, 307, 149, 644, 458, 545, 1083, 1155, 715, 435, 834, 35, 546, 1123, 131, 1052, 595, 438, 889, 1153, 1, 603, 331, 228, 38, 300, 658, 1146, 1085, 175, 1204, 507, 1047, 963, 452, 572, 548, 359, 838, 1039, 629, 462, 312, 235, 99, 772, 22, 669, 354, 208, 962, 993, 741, 1184, 341, 390, 1014, 268, 477, 11, 781, 974, 180, 349, 249, 352, 65, 322, 649, 702, 240, 504, 83, 211, 244, 874, 140, 544, 97, 1072, 216, 929, 376, 891, 172, 496, 574, 762, 1006, 47, 628, 1185, 232, 680, 566, 86, 17, 1166, 486, 724, 327, 382, 479, 612, 0, 802, 791, 951, 321, 607, 346, 295, 1092, 12, 763, 19, 267, 488, 277, 475, 1097, 7, 803, 1186, 1003, 358, 969, 849, 1178, 942, 1133, 959, 531, 1173, 542, 1055, 926, 153, 21, 765, 634, 881, 112, 730, 116, 720, 805, 1176, 293, 23, 1062, 314, 991, 78, 115, 186, 873, 1107, 506, 898, 1199, 854, 440, 824, 357, 1018, 164, 418, 193, 1203, 1122, 150, 870, 896, 732, 960, 816, 32, 491, 941, 79, 191, 1043, 662, 202, 274, 946, 529, 271, 165, 831, 338, 1070, 490, 556, 229, 835, 778, 14, 499, 144, 113, 70, 377, 398, 33, 711, 80, 356, 707, 809, 996, 214, 1174, 406, 832, 1142, 725, 1028, 60, 888, 955, 297, 1011, 1202, 742, 1029, 243, 630, 176, 775, 279, 573, 592, 320, 829, 1134, 339, 585, 866, 754, 54, 145, 869, 843, 1128, 678, 389, 943, 1138, 298, 516, 328, 200, 129, 1095, 576, 480, 514, 137, 436, 850, 1090, 799, 1113, 151, 384, 782, 1187, 979, 318, 837, 919, 102, 936, 59, 594, 1194, 1195, 798, 1183, 988, 581, 738, 226, 616, 973, 1037, 642, 275, 493, 1101, 964, 632, 922, 655, 907, 161, 283, 497, 914, 842, 428, 56, 310, 535, 883, 830, 584, 27, 72, 721, 794, 136, 1022, 15, 808, 1149, 755, 1066, 273, 777, 1124, 10, 335, 114, 826, 836, 182, 840, 138, 1164, 1032, 1131, 1169, 30, 848, 289, 399, 623, 759, 426, 64, 106, 909, 411, 647, 972, 990, 407, 684, 806, 1150, 90, 1094, 674, 735, 985, 948, 872, 645, 975, 464, 910, 786, 591, 717, 821, 530, 1033, 954, 879, 1116, 330, 694, 1021, 949, 408, 1172, 259, 871, 253, 264, 637, 940, 618, 625, 1193, 381, 668, 613, 776, 53, 210, 729, 804, 1182, 395, 224, 875, 559, 204, 760, 313, 483, 1152, 822, 568, 263, 1081, 132, 342, 1168, 353, 579, 1115, 332, 1175, 174, 454, 833, 52, 443, 635, 593, 509, 1056, 1086, 681, 737, 170, 1208, 188, 190, 130, 511, 62, 391, 525, 1025, 498, 1019, 1159, 604, 939, 739, 766, 1163, 1071, 1162, 209, 756, 864, 1023, 608, 807, 944, 58, 198, 667, 284, 373, 1200, 1165, 141, 442, 183, 347, 324, 692, 448, 494, 801, 67, 1132, 252, 920, 122, 453, 370, 710, 96, 928, 375, 913, 1046, 82, 3, 1111, 624, 582, 697, 894, 1177, 653, 1147, 769, 862, 285, 466, 533, 749, 846, 31, 432, 1034, 528, 554, 45, 215, 856, 852, 1013, 1089, 405, 345, 811, 722, 1040, 783, 123, 844, 1012, 1015, 351, 1077, 1141, 976, 326, 303, 197, 469, 489, 169, 365, 719, 543, 20, 456, 1068, 212, 751, 1126, 148, 152, 309, 362, 965, 61, 957, 800, 1087, 269, 1108, 598, 648, 521, 903, 63, 429, 561, 966, 36, 206, 727, 971, 918, 37, 1145, 355, 439, 173, 221, 1049, 93, 704, 369, 589, 181, 55, 858, 819, 433, 163, 254, 308, 287, 820, 409, 135, 698, 1082, 18, 397, 1020, 1192, 877, 305, 127, 855, 828, 728, 415, 146, 1120, 726, 851, 262, 627, 301, 76, 492, 445, 600, 693, 1137, 189, 522, 1009, 992, 1196, 166, 449, 558, 239, 1005, 1117, 1063, 714, 753, 396, 622, 703, 905, 155, 768, 784, 457, 685, 945, 379, 421, 1102, 818, 705, 1093, 666, 672, 708, 100, 601, 1017, 893, 984, 904
321, 1125, 302, 857, 1143, 697, 734, 1005, 776, 1130, 1026, 453, 660, 57, 1202, 536, 9, 1059, 282, 429, 664, 894, 296, 397, 530, 238, 348, 905, 28, 684, 29, 53, 219, 408, 68, 222, 350, 774, 870, 1067, 48, 220, 782, 650, 996, 661, 797, 898, 665, 419, 1124, 807, 888, 759, 694, 663, 582, 866, 10, 733, 142, 393, 755, 428, 686, 166, 402, 882, 364, 416, 1154, 955, 1138, 189, 411, 568, 627, 301, 1073, 631, 1106, 1019, 942, 311, 163, 113, 276, 241, 365, 1054, 195, 671, 1063, 512, 256, 1070, 653, 988, 1102, 920, 98, 274, 315, 775, 728, 815, 212, 261, 430, 475, 989, 417, 594, 600, 242, 441, 577, 1087, 76, 112, 444, 471, 1192, 970, 1100, 44, 320, 982, 400, 624, 737, 5, 376, 506, 1103, 78, 615, 313, 1096, 229, 584, 116, 587, 779, 1016, 1071, 104, 608, 1178, 687, 885, 422, 544, 952, 300, 0, 147, 414, 555, 291, 1189, 65, 234, 492, 572, 554, 115, 319, 505, 1108, 598, 1000, 308, 456, 751, 710, 322, 999, 465, 1068, 669, 707, 118, 603, 342, 563, 70, 975, 711, 738, 963, 182, 923, 439, 817, 1017, 934, 255, 447, 849, 831, 712, 938, 1029, 1127, 413, 616, 1131, 50, 747, 1184, 100, 924, 91, 152, 329, 583, 1186, 517, 875, 716, 452, 569, 120, 552, 1201, 461, 470, 82, 1133, 984, 75, 647, 73, 6, 868, 415, 1116, 681, 372, 883, 892, 604, 1168, 331, 528, 1175, 278, 491, 52, 925, 84, 150, 801, 1169, 549, 701, 204, 674, 21, 672, 359, 691, 323, 1107, 41, 432, 985, 910, 86, 976, 532, 153, 566, 830, 463, 194, 355, 406, 635, 861, 110, 834, 13, 520, 918, 309, 337, 468, 760, 162, 385, 513, 17, 39, 486, 239, 693, 929, 1018, 334, 1163, 802, 551, 1093, 253, 169, 534, 1094, 324, 824, 45, 203, 193, 225, 911, 974, 33, 500, 264, 543, 561, 1075, 1064, 1146, 318, 843, 174, 346, 912, 421, 651, 878, 51, 272, 340, 135, 1122, 949, 1003, 1050, 56, 63, 83, 144, 202, 522, 484, 1028, 325, 819, 822, 682, 339, 369, 490, 571, 708, 1065, 509, 1193, 266, 986, 168, 480, 493, 837, 494, 95, 839, 553, 215, 20, 27, 1092, 459, 908, 151, 368, 742, 851, 1039, 805, 852, 979, 232, 743, 377, 601, 1185, 913, 814, 236, 550, 611, 719, 55, 495, 820, 1053, 1113, 1118, 58, 1117, 1155, 841, 326, 454, 780, 478, 702, 1001, 959, 659, 846, 853, 968, 765, 792, 233, 636, 387, 516, 919, 1002, 641, 294, 1126, 299, 380, 433, 1109, 1098, 1024, 132, 764, 758, 1167, 609, 440, 789, 501, 656, 206, 268, 903, 948, 1035, 285, 754, 217, 443, 703, 939, 287, 591, 1115, 160, 860, 1089, 226, 1049, 695, 897, 680, 721, 753, 658, 872, 141, 451, 1157, 1173, 848, 869, 1055, 685, 460, 126, 172, 488, 1180, 254, 798, 353, 890, 1151, 74, 457, 761, 1080, 77, 700, 992, 995, 1045, 1025, 1076, 181, 366, 785, 54, 595, 800, 862, 205, 538, 473, 646, 896, 880, 22, 391, 378, 621, 1007, 1105, 230, 1187, 613, 741, 394, 395, 826, 777, 243, 537, 990, 1069, 867, 874, 640, 47, 131, 726, 540, 237, 418, 1088, 557, 597, 1038, 829, 1085, 1162, 620, 136, 762, 576, 607, 922, 409, 81, 740, 746, 524, 1204, 435, 730, 101, 699, 581, 667, 1051, 199, 709, 1058, 652, 423, 244, 245, 1206, 192, 303, 485, 535, 188, 625, 345, 504, 316, 1119, 201, 1037, 445, 177, 158, 184, 941, 1208, 119, 962, 1188, 1174, 678, 933, 367, 1205, 85, 341, 1052, 1048, 1136, 248, 26, 622, 43, 638, 965, 602, 211, 214, 966, 186, 997, 87, 62, 383, 632, 240, 472, 1090, 1150, 541, 8, 944, 306, 599, 529, 1013, 218, 739, 527, 161, 1061, 752, 4, 117, 133, 579, 275, 937, 270, 1148, 103, 767, 547, 668, 235, 267, 499, 931, 969, 343, 1101, 1010, 1043, 167, 1072, 354, 336, 448, 467, 546, 589, 24, 731, 314, 180, 328, 1095, 1135, 855, 891, 297, 893, 469, 766, 811, 909, 1041, 108, 596, 424, 606, 864, 629, 838, 1008, 154, 688, 637, 96, 1198, 148, 361, 11, 363, 280, 259, 770, 858, 382, 34, 1057, 390, 769, 1023, 146, 564, 67, 787, 178, 930, 1172, 312, 511, 927, 967, 373, 778, 560, 450, 1091, 449, 812, 856, 1164, 503, 446, 246, 213, 290, 502, 1012, 932, 1020, 123, 556, 1132, 265, 327, 662, 1123, 66, 155
268, 1037, 1185, 1072, 239, 65, 834, 1204, 763, 1014, 1083, 1018, 870, 765, 560, 411, 831, 955, 527, 140, 1070, 496, 1202, 809, 300, 891, 1051, 322, 762, 946, 1043, 542, 609, 1188, 352, 973, 376, 1203, 572, 996, 435, 1006, 1167, 144, 890, 11, 718, 566, 232, 307, 568, 5, 936, 458, 172, 341, 432, 779, 7, 208, 798, 695, 452, 244, 926, 1061, 294, 149, 434, 1057, 629, 805, 372, 35, 32, 52, 315, 933, 595, 53, 874, 1090, 20, 594, 179, 30, 791, 80, 17, 60, 321, 803, 738, 993, 1052, 1206, 1003, 246, 358, 655, 940, 1098, 390, 97, 741, 949, 578, 1183, 249, 1126, 977, 730, 938, 942, 906, 802, 778, 377, 447, 444, 1055, 603, 604, 198, 675, 1146, 742, 869, 929, 1107, 681, 19, 218, 1029, 649, 979, 78, 678, 1032, 173, 732, 974, 513, 491, 873, 490, 866, 85, 116, 612, 715, 758, 86, 438, 662, 506, 164, 302, 702, 628, 13, 816, 21, 272, 822, 193, 559, 331, 346, 1155, 504, 701, 422, 1048, 201, 839, 136, 226, 1173, 829, 83, 1047, 837, 366, 314, 450, 985, 1134, 644, 406, 544, 548, 131, 848, 40, 408, 488, 908, 787, 413, 475, 1092, 380, 199, 964, 286, 838, 658, 951, 113, 824, 382, 843, 697, 70, 459, 204, 545, 339, 711, 716, 274, 1176, 826, 981, 1199, 138, 445, 962, 134, 157, 591, 229, 112, 285, 1085, 777, 1105, 0, 99, 320, 132, 33, 47, 95, 4, 210, 240, 849, 287, 546, 312, 370, 1028, 489, 1128, 29, 151, 622, 879, 1154, 49, 279, 841, 62, 364, 257, 441, 707, 1058, 421, 424, 533, 1133, 616, 911, 357, 251, 972, 1168, 1184, 796, 476, 200, 442, 1097, 795, 499, 657, 773, 775, 1141, 1166, 1201, 73, 991, 23, 1178, 14, 150, 713, 202, 541, 997, 1021, 1187, 28, 480, 767, 592, 769, 189, 760, 42, 1068, 141, 224, 474, 1129, 478, 338, 627, 38, 114, 910, 455, 1019, 332, 960, 667, 725, 348, 462, 1116, 878, 1123, 1138, 633, 647, 851, 1162, 335, 565, 258, 1108, 1087, 324, 722, 1177, 289, 643, 857, 228, 862, 117, 148, 227, 820, 175, 433, 529, 747, 398, 745, 400, 410, 511, 267, 801, 1096, 55, 636, 855, 615, 588, 261, 485, 216, 944, 464, 1050, 729, 1136, 153, 266, 293, 888, 833, 776, 123, 530, 1147, 192, 928, 1016, 405, 378, 836, 26, 345, 510, 259, 290, 1053, 84, 705, 564, 248, 253, 177, 111, 139, 543, 336, 419, 652, 174, 920, 56, 188, 690, 1049, 34, 978, 505, 1039, 1101, 1082, 155, 952, 739, 830, 107, 44, 48, 137, 665, 384, 425, 1195, 1111, 924, 147, 696, 3, 976, 1130, 18, 330, 1198, 344, 670, 638, 1038, 1175, 76, 238, 710, 397, 967, 524, 1117, 618, 118, 1025, 656, 894, 284, 334, 854, 915, 958, 360, 1065, 1143, 1163, 684, 916, 362, 456, 207, 423, 262, 726, 236, 528, 64, 619, 749, 818, 409, 607, 632, 733, 37, 672, 519, 589, 354, 756, 1200, 883, 1034, 534, 41, 215, 212, 621, 850, 892, 923, 521, 574, 77, 800, 1157, 784, 355, 1208, 1149, 495, 1059, 412, 161, 963, 448, 523, 1181, 1148, 691, 712, 222, 995, 1169, 721, 119, 429, 1007, 772, 893, 1125, 309, 617, 624, 642, 303, 1067, 743, 187, 648, 835, 554, 1115, 508, 650, 103, 918, 986, 51, 790, 426, 703, 39, 847, 582, 225, 299, 556, 719, 549, 664, 493, 1042, 685, 709, 1194, 43, 808, 897, 666, 125, 1084, 233, 917, 794, 814, 304, 515, 460, 1008, 538, 1193, 797, 674, 864, 436, 941, 1027, 437, 470, 194, 209, 282, 1152, 298, 407, 122, 639, 365, 418, 484, 570, 746, 1165, 6, 676, 468, 846, 660, 316, 905, 1011, 1135, 252, 96, 152, 160, 631, 12, 865, 919, 57, 1145, 1073, 130, 281, 203, 500, 93, 1036, 181, 24, 514, 532, 1080, 305, 661, 242, 922, 1069, 751, 789, 668, 46, 781, 165, 473, 555, 1164, 415, 868, 1088, 1026, 45, 614, 1205, 388, 1012, 753, 957, 91, 394, 1033, 291, 1076, 59, 75, 625, 465, 1066, 852, 8, 1041, 391, 71, 186, 586, 975, 1121, 1095, 416, 956, 950, 143, 375, 1, 280, 937, 329, 1017, 1022, 494, 1060, 687, 913, 882, 89, 386, 162, 479, 439, 100, 1151, 50, 748, 1078, 1104, 1180, 550, 1020, 567, 1137, 313, 872, 108, 752, 350, 708, 1009, 653, 1191, 381, 1063, 714, 270, 373, 501, 815, 907, 804, 1046, 1035, 221, 904, 812, 1054, 700, 127, 930, 135, 863, 1040, 757, 580, 385, 895, 1093, 105, 989, 1110, 1030, 984
1006, 352, 53, 946, 47, 805, 809, 58, 568, 942, 296, 870, 136, 341, 762, 1083, 408, 1029, 548, 604, 622, 765, 906, 682, 173, 1052, 738, 779, 742, 246, 889, 629, 960, 1202, 1203, 144, 452, 193, 322, 321, 97, 987, 32, 349, 1196, 102, 118, 977, 488, 572, 542, 1014, 504, 718, 7, 397, 235, 1082, 459, 0, 131, 991, 116, 1019, 763, 1098, 491, 715, 891, 616, 1043, 267, 831, 839, 838, 6, 149, 522, 1186, 675, 901, 1106, 140, 730, 450, 1085, 1173, 68, 1061, 533, 1105, 578, 507, 249, 1166, 832, 315, 758, 565, 566, 1178, 976, 530, 309, 403, 226, 492, 62, 926, 257, 594, 866, 455, 539, 759, 268, 410, 241, 595, 127, 72, 1037, 732, 898, 432, 48, 200, 339, 513, 824, 701, 921, 962, 955, 433, 198, 300, 603, 1055, 869, 908, 740, 110, 721, 179, 833, 438, 964, 30, 94, 499, 307, 83, 113, 338, 224, 49, 69, 177, 791, 803, 496, 544, 1092, 70, 845, 272, 734, 1017, 1206, 834, 1090, 244, 562, 873, 1176, 799, 903, 1072, 1054, 346, 11, 1003, 413, 1185, 659, 1146, 286, 1016, 141, 821, 1199, 497, 979, 1107, 17, 377, 447, 111, 5, 225, 612, 781, 1104, 229, 331, 120, 974, 475, 294, 357, 250, 325, 430, 1204, 615, 21, 382, 27, 114, 115, 139, 245, 650, 606, 411, 157, 112, 1195, 65, 204, 368, 376, 261, 735, 228, 1066, 972, 1154, 303, 383, 978, 910, 165, 538, 1123, 1018, 1162, 138, 164, 328, 153, 320, 484, 802, 1001, 741, 1142, 22, 215, 240, 681, 1097, 666, 189, 560, 34, 489, 490, 52, 527, 756, 175, 559, 850, 789, 1010, 78, 843, 1117, 399, 848, 304, 985, 134, 448, 569, 716, 1101, 99, 130, 201, 1078, 775, 1047, 609, 829, 678, 920, 836, 662, 887, 1068, 1183, 335, 1129, 398, 881, 188, 884, 1057, 86, 310, 613, 782, 19, 208, 1021, 801, 119, 384, 806, 1138, 358, 169, 202, 1200, 14, 316, 401, 424, 896, 669, 150, 745, 835, 1059, 1184, 994, 1134, 1163, 819, 506, 435, 146, 13, 667, 643, 514, 60, 218, 495, 1170, 867, 940, 879, 902, 948, 897, 1201, 420, 725, 79, 545, 812, 271, 462, 943, 574, 147, 644, 769, 293, 214, 288, 874, 982, 526, 441, 4, 688, 927, 674, 797, 546, 1099, 23, 319, 707, 1175, 739, 1128, 74, 365, 611, 638, 774, 148, 428, 777, 1032, 31, 332, 984, 55, 480, 117, 536, 1064, 364, 713, 936, 324, 37, 289, 1089, 209, 557, 330, 1192, 389, 549, 623, 685, 190, 295, 696, 1193, 760, 326, 336, 932, 990, 46, 318, 427, 1039, 966, 918, 1081, 1027, 405, 704, 862, 38, 534, 649, 421, 684, 1144, 1103, 665, 651, 854, 445, 655, 749, 875, 726, 254, 702, 868, 999, 81, 230, 1116, 923, 958, 236, 375, 205, 297, 444, 640, 1077, 916, 29, 280, 621, 1071, 561, 468, 132, 264, 1053, 709, 607, 515, 656, 583, 800, 1207, 657, 717, 485, 677, 753, 90, 861, 1025, 746, 853, 434, 747, 76, 174, 808, 161, 85, 722, 503, 509, 579, 954, 1136, 362, 469, 163, 284, 992, 1141, 922, 61, 1137, 238, 442, 589, 44, 626, 355, 814, 183, 554, 167, 501, 1125, 941, 788, 199, 917, 883, 670, 66, 186, 1096, 251, 231, 248, 957, 1208, 472, 33, 95, 733, 1013, 1169, 98, 1194, 12, 754, 859, 619, 223, 454, 532, 1008, 1011, 407, 45, 334, 429, 846, 627, 944, 1065, 541, 844, 1049, 1050, 770, 409, 790, 1042, 327, 463, 525, 598, 751, 521, 543, 1126, 1172, 625, 786, 56, 418, 555, 945, 928, 967, 937, 91, 729, 1139, 981, 1190, 354, 737, 481, 1131, 342, 618, 570, 864, 939, 152, 872, 1130, 404, 387, 402, 155, 486, 279, 493, 597, 795, 1181, 483, 170, 1113, 180, 1108, 804, 1095, 724, 36, 259, 860, 446, 100, 135, 523, 1093, 470, 386, 1164, 1152, 909, 830, 1033, 477, 479, 820, 852, 847, 931, 524, 1191, 693, 691, 439, 449, 865, 528, 794, 93, 181, 305, 460, 54, 129, 494, 381, 105, 907, 57, 1127, 43, 637, 436, 785, 388, 103, 206, 913, 563, 502, 757, 614, 1135, 292, 1044, 222, 431, 683, 191, 1180, 998, 221, 373, 298, 576, 1067, 1179, 96, 705, 371, 815, 1114, 385, 671, 601, 1075, 9, 75, 708, 329, 743, 1020, 750, 50, 1040, 1151, 1161, 350, 784, 550, 904, 700, 1158, 1024, 989
200, 1052, 977, 315, 1006, 321, 898, 562, 1203, 832, 140, 1202, 530, 10, 32, 47, 759, 1154, 419, 452, 1017, 352, 1085, 1098, 572, 116, 870, 906, 30, 573, 833, 274, 235, 1070, 816, 782, 1014, 1187, 442, 1051, 755, 632, 1010, 102, 718, 897, 765, 869, 49, 434, 78, 1083, 118, 241, 294, 1183, 762, 831, 464, 606, 349, 1019, 1178, 325, 942, 629, 884, 526, 127, 172, 383, 286, 488, 146, 34, 1196, 428, 955, 0, 346, 246, 760, 1003, 240, 798, 193, 1186, 1072, 161, 845, 1032, 366, 903, 258, 333, 1104, 742, 879, 896, 805, 303, 309, 716, 662, 856, 360, 215, 576, 224, 506, 849, 1106, 695, 368, 658, 548, 53, 87, 175, 11, 962, 1057, 314, 566, 807, 797, 304, 331, 628, 779, 257, 946, 717, 1115, 1134, 969, 110, 97, 604, 908, 913, 539, 169, 430, 826, 1166, 682, 218, 298, 1199, 1094, 220, 926, 1173, 594, 544, 1000, 364, 406, 921, 69, 1056, 1062, 491, 107, 393, 607, 938, 1027, 71, 829, 260, 382, 338, 973, 1048, 7, 70, 890, 735, 763, 272, 248, 663, 667, 475, 730, 834, 445, 993, 232, 477, 1001, 271, 654, 773, 1043, 19, 1023, 715, 1064, 358, 489, 670, 144, 504, 809, 647, 37, 851, 229, 249, 702, 533, 729, 1195, 42, 1185, 414, 756, 674, 764, 80, 1092, 1013, 14, 94, 626, 681, 411, 435, 62, 245, 1038, 115, 519, 571, 761, 513, 848, 1107, 58, 380, 422, 595, 771, 669, 320, 905, 198, 341, 910, 185, 643, 250, 599, 812, 843, 82, 889, 1155, 974, 1081, 377, 732, 990, 204, 997, 803, 5, 1046, 570, 1105, 73, 136, 403, 1025, 22, 163, 996, 268, 372, 137, 348, 52, 400, 398, 1188, 1129, 312, 149, 838, 1123, 1163, 259, 617, 1040, 929, 578, 75, 644, 1146, 112, 680, 1068, 450, 324, 758, 243, 340, 727, 655, 201, 18, 649, 776, 1039, 322, 872, 121, 447, 1181, 357, 60, 603, 902, 837, 1033, 316, 694, 1167, 527, 1078, 495, 821, 307, 486, 710, 949, 542, 701, 738, 46, 525, 205, 587, 824, 633, 1117, 740, 86, 810, 839, 375, 416, 888, 388, 922, 68, 432, 545, 79, 182, 203, 664, 948, 789, 114, 582, 873, 132, 142, 778, 979, 402, 964, 436, 490, 841, 891, 397, 1055, 177, 17, 612, 124, 960, 148, 376, 795, 957, 164, 791, 900, 994, 909, 72, 166, 482, 1200, 555, 21, 610, 295, 311, 407, 529, 847, 862, 941, 168, 844, 885, 408, 460, 1021, 500, 230, 675, 927, 983, 1184, 23, 65, 296, 699, 192, 746, 74, 704, 244, 1074, 494, 561, 793, 1029, 126, 912, 141, 226, 131, 877, 874, 410, 707, 35, 441, 785, 560, 830, 318, 781, 458, 1126, 153, 698, 864, 966, 928, 1198, 502, 479, 995, 739, 961, 987, 1124, 174, 1172, 99, 38, 721, 20, 150, 1095, 1201, 50, 836, 56, 613, 894, 266, 93, 130, 339, 591, 943, 546, 671, 12, 907, 711, 1011, 930, 120, 725, 113, 661, 302, 822, 991, 438, 802, 209, 648, 1018, 25, 881, 972, 503, 975, 41, 214, 425, 1208, 1144, 1152, 228, 552, 788, 1116, 183, 867, 1097, 1206, 103, 301, 1133, 1139, 505, 668, 361, 374, 808, 1022, 1138, 1156, 347, 1090, 247, 863, 84, 277, 569, 1087, 1089, 335, 1008, 4, 101, 453, 1050, 871, 1150, 524, 787, 328, 267, 336, 1113, 622, 706, 774, 227, 509, 940, 1162, 892, 63, 237, 326, 1054, 381, 330, 355, 1175, 448, 210, 310, 363, 389, 581, 600, 179, 1076, 769, 356, 308, 1034, 1071, 1114, 54, 117, 496, 275, 493, 1169, 737, 48, 55, 880, 208, 508, 563, 766, 935, 139, 616, 641, 568, 734, 33, 285, 596, 138, 965, 1168, 254, 81, 714, 954, 109, 359, 449, 543, 553, 677, 225, 618, 1047, 1137, 673, 279, 1028, 151, 531, 426, 625, 886, 1082, 565, 999, 1101, 451, 1111, 1207, 188, 1151, 206, 743, 1053, 165, 1012, 83, 627, 630, 741, 57, 191, 251, 1036, 415, 636, 424, 882, 1160, 749, 799, 918, 440, 514, 621, 840, 1157, 1016, 1174, 574, 577, 875, 620, 122, 952, 541, 90, 362, 446, 631, 535, 666, 300, 323, 511, 354, 369, 775, 1164, 263, 534, 391, 186, 609, 28, 745, 1063, 1165, 538, 233, 289, 454, 297, 290, 344, 1136, 516, 6, 156, 395, 461, 15, 1176, 180, 462, 709, 722, 370, 878, 501, 551, 611, 794, 1132, 978, 852, 96, 858, 958, 1061, 589, 3, 262, 472, 484, 409, 256, 528, 1140, 202, 305, 751, 342, 515, 1059, 485, 692, 635, 522, 690, 2, 91, 212, 1077, 689, 1102, 85, 265, 371, 684, 549, 1049, 394, 982, 691, 796, 1128, 1086, 1099, 129, 405, 724, 998, 523, 687, 1158, 145, 238, 492, 659, 1096, 420, 588, 556, 804, 222, 652, 853, 61, 944, 850, 865, 429, 967, 170, 557, 984, 768, 105, 624, 696, 936, 147, 559, 45, 683, 931, 280, 790, 1110, 521, 868, 917, 1065, 1147, 1125, 784, 67, 815, 1112, 13, 1103, 431, 467, 579, 373, 465, 959, 253, 1066, 835, 423, 985, 219, 818, 1007, 152, 189, 284, 963, 439, 1108, 1177, 887, 1194, 597, 399, 937, 770, 857, 343, 100, 264, 806, 387, 128, 353, 757, 194, 583, 293, 676, 365, 772, 564, 160, 184, 601, 608, 1020, 846, 1122, 720, 104, 554, 135, 111, 119, 276, 685, 953, 656, 623, 88, 469, 823, 733, 207, 216, 313, 291, 255, 231, 859, 288, 584, 819, 481, 1148, 615, 904, 1143, 748, 159, 920, 1120, 1075, 992, 1004, 282, 693, 854, 213, 688, 1190, 825, 29, 1042, 598, 181, 842, 1073, 123, 36, 540, 753, 916, 221, 334, 466, 44, 89, 820, 708, 456, 195, 989, 178, 39, 895, 329, 558, 956, 1121, 1009, 893, 417, 16, 925, 744, 1024
53, 604, 942, 870, 738, 809, 136, 352, 568, 732, 681, 1203, 866, 144, 994, 1185, 675, 762, 1006, 140, 873, 114, 946, 131, 198, 408, 1018, 384, 80, 300, 765, 1176, 507, 960, 1202, 559, 17, 1043, 112, 976, 1021, 341, 432, 962, 321, 1015, 1055, 609, 566, 7, 322, 204, 210, 1188, 801, 926, 901, 97, 376, 616, 462, 578, 912, 629, 475, 678, 302, 1019, 1090, 548, 694, 1184, 1072, 99, 612, 906, 1142, 769, 193, 86, 591, 951, 235, 1107, 701, 244, 461, 433, 1101, 735, 979, 1083, 622, 779, 78, 831, 843, 382, 287, 169, 837, 331, 667, 499, 650, 685, 55, 62, 936, 546, 1206, 110, 991, 711, 777, 357, 492, 530, 52, 149, 662, 132, 497, 212, 480, 628, 707, 435, 745, 405, 585, 488, 294, 1177, 447, 1199, 1134, 964, 1062, 544, 1000, 179, 150, 452, 742, 1037, 474, 320, 21, 655, 885, 1123, 296, 489, 889, 1183, 879, 345, 573, 115, 1173, 27, 659, 884, 267, 410, 799, 1003, 47, 151, 272, 226, 455, 910, 38, 413, 606, 390, 366, 569, 759, 459, 428, 816, 970, 1032, 798, 10, 177, 854, 778, 896, 644, 826, 1116, 1098, 368, 1002, 60, 332, 1070, 397, 755, 1029, 314, 725, 898, 240, 851, 464, 775, 888, 238, 30, 848, 665, 1111, 1178, 82, 256, 782, 1016, 291, 845, 761, 123, 286, 754, 699, 911, 948, 173, 807, 1013, 941, 1056, 399, 1095, 684, 364, 532, 693, 773, 1124, 774, 297, 640, 236, 1170, 627, 643, 683, 400, 634, 234, 1103, 776, 261, 4, 922, 1128, 939, 88, 726, 313, 1059, 651, 1175, 597, 920, 535, 309, 1125, 153, 734, 853, 484, 66, 536, 565, 1082, 666, 448, 623, 538, 611, 119, 159, 829, 615, 429, 445, 687, 1192, 984, 404, 29, 48, 440, 958, 1201, 1108, 271, 531, 517, 444, 401, 583, 540, 317, 1190, 739, 602, 201, 106, 374, 652, 6, 412, 85, 972, 1147, 850, 919, 953, 1115, 147, 1044, 992, 227, 167, 189, 139, 477, 1130, 881, 887, 36, 760, 360, 395, 710, 351, 250, 857, 426, 1008, 118, 660, 190, 1042, 174, 528, 692, 1089, 978, 1073, 1100, 370, 795, 192, 337, 670, 330, 750, 753, 1017, 1086, 645, 855, 1200, 185, 1031, 146, 481, 498, 720, 648, 1024, 747, 639, 713, 1193, 303, 737, 601, 986, 155, 786, 746, 57, 251, 709, 203, 619, 120, 988, 44, 641, 184, 1004, 54, 549, 454, 944, 868, 966, 598, 749, 833, 160, 476, 987, 209, 417, 1141, 9, 804, 835, 555, 605, 967, 162, 1120, 134, 342, 28, 995, 1165, 815, 1162, 733, 61, 635, 248, 299, 905, 316, 975, 618, 175, 375, 276, 756, 344, 183, 904, 990, 608, 808, 1140, 581, 1096, 323, 39, 1094, 918, 103, 446, 239, 94, 931, 1150, 584, 1054, 486, 96, 932, 301, 945, 968, 576, 697, 1, 1011, 820, 469, 470, 130, 821, 1022, 275, 365, 1113, 522, 1040, 631, 556, 373, 516, 877, 402, 539, 696, 961, 673, 895, 439, 748, 719, 959, 465, 1121, 724, 903, 878, 894, 663, 129, 221, 1109, 280, 1063, 743, 91, 24, 600, 700, 93, 500, 386, 387, 1077, 282, 143, 1157, 247, 415, 1104, 917, 1084, 73, 865, 1078, 1093, 81, 327, 127, 788, 913, 265, 75, 385, 772, 1033, 790, 178, 219, 105, 1005, 770, 858, 812
53, 57, 1130, 1125, 321, 1202, 397, 1143, 857, 296, 408, 870, 776, 684, 238, 1067, 29, 453, 738, 530, 48, 660, 429, 302, 734, 866, 733, 894, 650, 782, 411, 779, 1059, 7, 9, 942, 665, 492, 905, 536, 694, 1026, 697, 664, 1017, 577, 681, 169, 831, 951, 888, 432, 166, 946, 898, 282, 797, 234, 419, 996, 144, 994, 28, 444, 759, 896, 1185, 136, 1201, 1005, 732, 604, 428, 456, 548, 212, 210, 572, 594, 1055, 1203, 762, 683, 68, 10, 80, 941, 269, 417, 765, 803, 235, 955, 1190, 960, 475, 1188, 1006, 807, 1019, 58, 934, 341, 730, 256, 627, 710, 174, 587, 1077, 1103, 837, 344, 276, 568, 1115, 1154, 346, 628, 507, 655, 81, 532, 1018, 774, 366, 565, 873, 1124, 564, 294, 370, 309, 315, 244, 111, 268, 219, 973, 36, 99, 1068, 1107, 260, 348, 591, 307, 542, 193, 755, 112, 292, 675, 350, 352, 1002, 365, 402, 578, 1183, 582, 851, 331, 1073, 47, 686, 51, 743, 222, 741, 1167, 435, 754, 452, 329, 1047, 390, 917, 566, 835, 887, 718, 809, 497, 685, 113, 486, 138, 149, 189, 322, 816, 364, 747, 1111, 829, 1052, 173, 291, 203, 353, 872, 313, 175, 522, 1204, 1146, 715, 1092, 239, 843, 1108, 1070, 663, 410, 613, 559, 892, 970, 763, 468, 903, 46, 75, 393, 531, 62, 764, 879, 1015, 458, 716, 139, 538, 966, 999, 978, 629, 1083, 922, 372, 1051, 297, 670, 88, 35, 114, 202, 416, 147, 445, 1173, 461, 1142, 190, 1116, 14, 560, 768, 1112, 200, 413, 1016, 184, 535, 140, 889, 406, 1089, 1176, 245, 868, 1001, 110, 227, 229, 455, 630, 678, 707, 880, 1028, 66, 593, 267, 777, 956, 912, 969, 1004, 204, 241, 243, 984, 232, 69, 116, 220, 240, 602, 1165, 434, 800, 148, 891, 920, 1049, 1035, 384, 480, 261, 262, 609, 438, 701, 358, 414, 1157, 376, 526, 622, 780, 974, 172, 874, 1177, 737, 1114, 1007, 506, 1039, 1088, 64, 194, 756, 1014, 131, 1105, 278, 544, 910, 979, 300, 661, 667, 1023, 30, 287, 945, 1027, 926, 1155, 17, 938, 992, 5, 607, 546, 936, 975, 357, 792, 1192, 906, 556, 484, 801, 288, 976, 380, 671, 775, 711, 1206, 1021, 19, 583, 1184, 40, 985, 281, 927, 869, 1061, 236, 422, 725, 621, 885, 948, 853, 1000, 186, 855, 919, 1168, 286, 749, 1138, 761, 798, 914, 317, 745, 878, 22, 769, 86, 649, 758, 320, 991, 1003, 1011, 1131, 163, 274, 325, 491, 648, 97, 509, 616, 962, 1060, 255, 802, 1041, 1094, 73, 545, 958, 399, 516, 704, 1044, 162, 151, 266, 490, 631, 806, 124, 639, 1129, 345, 760, 1097, 441, 623, 693, 311, 439, 890, 1029, 176, 177, 603, 726, 78, 584, 599, 1072, 1191, 246, 647, 977, 198, 821, 118, 123, 4, 93, 382, 549, 605, 1095, 373, 1199, 223, 37, 271, 615, 687, 1043, 224, 826, 427, 1189, 552, 987, 228, 351, 524, 488, 820, 433, 477, 850, 12, 525, 690, 65, 652, 862, 264, 333, 503, 395, 651, 1178, 1195, 550, 682, 142, 481, 952, 635, 82, 721, 773, 822, 576, 3, 25, 44, 319, 442, 597, 740, 1056, 146, 400, 571, 982, 55, 420, 405, 476, 713, 180, 192, 430, 38, 356, 799, 63, 361, 418, 585, 929, 1037, 272, 343, 606, 848, 412, 791, 485, 529, 1053, 995, 817, 1084, 463, 967, 1109, 2, 18, 59, 1, 499, 696, 275, 580, 964, 459, 672, 328, 990, 27, 132, 251, 23, 79, 512, 277, 308, 150, 360, 643, 746, 824, 1169, 165, 608, 908, 1134, 67, 94, 387, 748, 753, 924, 1181, 1123, 76, 1104, 91, 911, 611, 425, 49, 304, 314, 511, 6, 1113, 1101, 840, 129, 43, 662, 819, 1058, 98, 130, 106, 881, 401, 409, 810, 846, 1205, 312, 339, 849, 0, 666, 248, 518, 833, 152, 1106, 107, 265, 563, 1079, 632, 923, 89, 489, 54, 465, 446, 230, 117, 1208, 404, 674, 739, 1150, 972, 100, 786, 1071, 1140, 1147, 87, 676, 895, 750, 600, 679, 33, 39, 642, 751, 827, 601, 838, 781, 589, 1076, 205, 1148, 1127, 464, 752, 1193, 1120, 221, 181, 85, 316, 338, 125, 1012, 1102, 1063, 8, 1200, 618, 242, 337, 876, 1032, 909, 423, 703, 214, 1121, 692, 961, 598, 657, 168, 1164, 359, 1149, 624, 1064, 1069, 494, 539, 573, 104, 279, 514, 557, 225, 1122, 303, 1054, 1013, 1024, 673, 968, 1022, 389, 501, 505, 626, 986, 1153, 283, 637, 645, 1126, 216, 953, 31, 392, 633, 847, 1090, 211, 736, 295, 766, 852, 965, 1162, 332, 451, 457, 944, 997, 119, 160, 1075, 553, 1180, 1117, 893, 1110, 354, 469, 790, 167, 641, 273, 323, 470, 640, 472, 596, 523, 381, 818, 324, 916, 84, 16, 209, 1174, 1144, 723, 298, 653, 551, 558, 1025, 729, 950, 1099, 528, 668, 197, 554, 336, 1078, 96, 925, 1163, 719, 860, 963, 1086, 424, 436, 720, 555, 207, 728, 882, 1139, 259, 415, 143, 918, 378, 1093, 108, 586, 391, 634, 421, 385, 932, 865, 375, 521, 770, 367, 355, 989, 700, 460, 440, 864, 579, 41, 883, 71, 1198, 199, 301, 796, 191, 899, 158, 772, 195, 50, 128, 1046, 185, 930, 1119, 280, 253, 155, 1207, 394, 520, 705, 620, 537, 1042, 340, 646, 206, 691, 784, 534, 867, 877, 133, 327, 823, 122, 590, 183, 498, 1020, 1033, 1172, 904, 92, 1182, 957, 127, 466, 744, 785, 247, 1152, 135, 788, 937, 1132, 473, 483, 828, 689, 508, 1158, 1009, 178, 213, 449, 431, 983, 854, 971, 858, 863, 24
1083, 674, 246, 977, 130, 1085, 338, 1202, 352, 1022, 165, 1163, 79, 1051, 799, 1006, 1167, 452, 715, 779, 1165, 249, 548, 175, 149, 257, 545, 403, 781, 765, 742, 756, 642, 832, 889, 1195, 30, 235, 629, 504, 12, 603, 831, 1173, 507, 718, 906, 47, 1052, 228, 200, 881, 921, 349, 898, 578, 455, 491, 119, 1098, 542, 354, 488, 94, 776, 127, 0, 991, 440, 1162, 260, 46, 514, 974, 68, 1123, 562, 1019, 1039, 766, 903, 829, 531, 182, 942, 180, 38, 833, 462, 595, 772, 682, 453, 172, 271, 58, 775, 335, 761, 116, 1027, 315, 170, 321, 1094, 277, 1186, 144, 626, 897, 479, 526, 530, 838, 1047, 1095, 359, 759, 23, 1200, 764, 1166, 32, 560, 138, 1174, 572, 495, 834, 1150, 286, 211, 254, 662, 1129, 72, 869, 1014, 907, 787, 389, 870, 529, 380, 97, 381, 581, 11, 762, 763, 849, 186, 573, 812, 54, 224, 535, 632, 1081, 576, 161, 320, 960, 1010, 805, 395, 10, 871, 1154, 53, 295, 929, 568, 896, 996, 850, 1178, 19, 250, 790, 202, 418, 102, 146, 486, 740, 129, 1115, 821, 883, 118, 1043, 314, 979, 607, 136, 382, 408, 1104, 604, 809, 86, 8, 241, 969, 837, 902, 1122, 357, 959, 35, 591, 1133, 268, 99, 628, 1206, 594, 1113, 668, 1196, 941, 513, 316, 745, 927, 1066, 735, 297, 420, 1040, 885, 789, 891, 307, 961, 797, 516, 312, 1068, 612, 755, 951, 275, 478, 565, 1153, 557, 816, 365, 331, 65, 988, 847, 258, 7, 901, 432, 406, 875, 824, 908, 1023, 544, 1072, 220, 5, 527, 963, 80, 215, 494, 658, 652, 1136, 732, 458, 551, 819, 216, 546, 179, 428, 839, 890, 1025, 267, 584, 1089, 327, 659, 1028, 997, 643, 400, 826, 609, 782, 701, 1128, 1092, 886, 14, 716, 721, 190, 1032, 533, 798, 729, 48, 438, 596, 680, 754, 835, 993, 1184, 218, 1164, 649, 475, 602, 419, 724, 131, 303, 851, 248, 304, 1008, 778, 946, 158, 1152, 203, 1003, 51, 240, 1055, 482, 802, 873, 426, 635, 836, 233, 263, 435, 773, 364, 975, 259, 954, 796, 1199, 373, 549, 970, 1012, 356, 630, 971, 477, 176, 671, 1183, 34, 436, 59, 695, 1106, 618, 878, 279, 398, 342, 566, 101, 132, 484, 348, 496, 867, 936, 938, 525, 884, 231, 720, 803, 142, 209, 273, 552, 791, 955, 1172, 164, 427, 667, 244, 807, 1132, 67, 83, 358, 229, 309, 1064, 840, 582, 443, 296, 78, 226, 274, 140, 243, 285, 397, 464, 107, 741, 614, 1170, 506, 70, 166, 483, 625, 1138, 117, 193, 539, 346, 783, 730, 1050, 747, 770, 467, 844, 503, 962, 1124, 411, 599, 536, 785, 300, 1054, 1117, 313, 415, 1168, 814, 205, 922, 157, 1059, 113, 711, 1038, 655, 272, 1017, 508, 894, 1086, 33, 238, 265, 666, 681, 17, 953, 413, 788, 60, 774, 391, 1120, 416, 188, 879, 983, 112, 866, 1185, 245, 114, 973, 284, 376, 1130, 499, 734, 1037, 758, 910, 854, 911, 474, 804, 1176, 1018, 663, 749, 940, 678, 815, 964, 1097, 82, 71, 794, 806, 1194, 147, 559, 713, 1107, 459, 841, 958, 822, 872, 150, 987, 978, 769, 714, 281, 699, 843, 622, 81, 141, 311, 746, 69, 1033, 301, 468, 810, 148, 174, 706, 795, 670, 162, 914, 842, 480, 76, 543, 122, 204, 892, 347, 405, 45, 151, 169, 923, 26, 95, 332, 353, 441, 710, 1071, 108, 324, 593, 318, 688, 895, 637, 686, 725, 1119, 62, 96, 289, 1004, 20, 120, 339, 6, 225, 538, 537, 1101, 84, 723, 1061, 56, 293, 492, 972, 575, 515, 967, 1056, 980, 932, 760, 1021, 786, 393, 707, 858, 1135, 1181, 709, 298, 998, 111, 434, 1134, 227, 288, 1110, 145, 52, 208, 965, 39, 957, 865, 433, 574, 608, 442, 387, 465, 981, 519, 665, 592, 738, 801, 846, 210, 57, 489, 1116, 698, 554, 13, 326, 386, 510, 1169, 1075, 431, 1046, 370, 823, 167, 198, 292, 1087, 1182, 524, 1175, 691, 521, 55, 534, 1007, 251, 448, 472, 1108, 570, 308, 633, 664, 653, 792, 360, 1016, 168, 1013, 793, 199, 992, 852, 1208, 556, 1126, 362, 402, 409, 984, 676, 672, 1125, 75, 561, 684, 808, 918, 862, 374, 287, 469, 863, 253, 751, 1034, 123, 399, 306, 446, 1002, 1157, 589, 651, 1065, 1103, 36, 305, 280, 768, 610, 598, 276, 985, 213, 378, 937, 689, 375, 1143, 412, 128, 247, 439, 950, 705, 1151, 194, 189, 611, 505, 187, 449, 861, 1020, 282, 704, 1127, 800, 463, 982, 1049, 255, 1044, 181, 1121, 319, 66, 1, 270, 77, 466, 222, 733, 125, 600, 1069, 178, 337, 784, 1137, 748, 1009, 818, 1060, 1112, 968, 371, 550, 893, 1073, 700, 105, 1024, 1079, 385
149, 831, 545, 390, 779, 889, 1167, 1083, 38, 548, 257, 1202, 338, 718, 35, 246, 578, 762, 403, 756, 560, 1123, 1165, 228, 274, 21, 765, 805, 572, 873, 260, 216, 527, 455, 936, 352, 629, 628, 701, 609, 951, 507, 1006, 244, 730, 803, 963, 1051, 300, 906, 380, 1057, 144, 1206, 331, 1120, 680, 327, 780, 834, 781, 87, 406, 294, 366, 297, 974, 898, 435, 603, 99, 885, 341, 59, 312, 322, 1184, 955, 65, 682, 1173, 235, 382, 1195, 566, 1153, 544, 568, 1039, 715, 293, 658, 307, 761, 346, 357, 333, 1014, 32, 745, 1146, 172, 946, 46, 612, 1092, 849, 314, 268, 546, 732, 23, 710, 54, 870, 506, 1186, 941, 1204, 649, 626, 778, 1164, 1199, 315, 1072, 962, 654, 0, 896, 462, 1177, 12, 632, 1062, 488, 504, 243, 249, 79, 80, 802, 86, 1155, 926, 993, 996, 475, 17, 531, 210, 833, 938, 977, 798, 440, 101, 816, 129, 1105, 1055, 514, 740, 376, 1183, 1097, 994, 202, 47, 70, 428, 662, 1107, 942, 970, 113, 491, 411, 170, 742, 14, 165, 824, 1029, 1098, 731, 991, 881, 267, 869, 542, 30, 229, 695, 1047, 606, 886, 809, 321, 320, 738, 799, 356, 359, 755, 486, 581, 1176, 82, 573, 413, 97, 226, 1019, 450, 258, 529, 408, 53, 616, 782, 112, 667, 979, 480, 594, 186, 1166, 464, 1043, 200, 198, 655, 1012, 1056, 367, 62, 272, 339, 398, 1134, 1022, 948, 368, 175, 354, 1168, 117, 1178, 722, 879, 1040, 978, 767, 150, 759, 157, 1174, 1201, 607, 839, 591, 843, 510, 725, 874, 769, 289, 214, 562, 496, 1032, 888, 832, 180, 525, 840, 1175, 34, 365, 1087, 60, 10, 441, 1124, 1116, 151, 418, 132, 642, 211, 1122, 277, 33, 134, 674, 237, 530, 1162, 459, 668, 772, 749, 176, 433, 652, 854, 1194, 634, 1113, 1198, 182, 635, 807, 7, 302, 429, 155, 875, 158, 516, 865, 954, 887, 448, 835, 503, 830, 4, 1077, 489, 576, 468, 665, 871, 275, 904, 48, 295, 353, 423, 953, 230, 432, 850, 161, 189, 919, 1131, 717, 111, 535, 945, 263, 220, 1154, 927, 543, 724, 1095, 138, 479, 1066, 3, 1129, 130, 425, 914, 279, 766, 692, 1081, 625, 1200, 988, 786, 227, 836, 804, 1053, 174, 318, 457, 407, 557, 1150, 1128, 584, 90, 743, 1152, 600, 361, 137, 416, 427, 373, 829, 389, 630, 8, 92, 494, 89, 958, 903, 1094, 683, 862, 907, 13, 209, 391, 821, 915, 330, 939, 775, 776, 259, 944, 266, 851, 1008, 276, 381, 608, 370, 148, 1115, 760, 250, 498, 918, 469, 436, 574, 923, 1, 909, 1059, 1071, 637, 785, 234, 605, 645, 734, 746, 231, 426, 868, 878, 478, 995, 860, 957, 556, 68, 264, 420, 1108, 453, 670, 721, 1207, 96, 720, 922, 1125, 536, 709, 810, 794, 1163, 167, 292, 698, 819, 71, 1009, 739, 1096, 446, 156, 31, 56, 696, 509, 98, 205, 1038, 549, 456, 602, 673, 444, 961, 618, 1050, 253, 454, 1208, 582, 703, 284, 1106, 593, 271, 646, 641, 796, 729, 653, 648, 261, 846, 844, 15, 883, 213, 340, 1067, 281, 375, 1086, 347, 771, 191, 311, 533, 344, 1196, 482, 872, 928, 511, 122, 285, 372, 133, 67, 664, 1042, 393, 313, 308, 467, 555, 197, 783, 847, 684, 1034, 697, 719, 981, 1025, 127, 397, 659, 930, 1169, 521, 233, 45, 409, 76, 1172, 515, 714, 713, 465, 1135, 633, 1111, 728, 924, 303, 1099, 388, 570, 877, 301, 188, 291, 472, 808, 245, 950, 6, 199, 451, 1127, 362, 181, 378, 282, 589, 57, 212, 118, 534, 1157, 449, 1132, 298, 66, 254, 1065, 897, 1180, 500, 815, 554, 639, 29, 223, 852, 857, 323, 814, 820, 1126, 992, 44, 1143, 705, 147, 1136, 650, 790, 1137, 663, 379, 617, 1121, 473, 916, 36, 222, 305, 899, 85, 1007, 39, 813, 1013, 421, 823, 239, 751, 1160, 693, 484, 1017, 1046, 768, 1114, 656, 690, 270, 956, 103, 666, 207, 567, 679, 1049, 470, 539, 660, 590, 522, 1190, 385, 1041, 1020, 1054, 439, 221, 343, 125, 194, 1005, 931, 105, 1093
352, 1006, 1083, 765, 507, 942, 246, 53, 870, 235, 1085, 249, 452, 977, 604, 144, 779, 321, 1202, 629, 488, 763, 116, 542, 349, 906, 548, 831, 30, 799, 341, 742, 1167, 97, 1052, 1162, 1173, 47, 504, 1098, 257, 960, 718, 762, 832, 560, 79, 338, 809, 833, 138, 732, 991, 32, 715, 136, 776, 866, 130, 1019, 1166, 58, 432, 873, 921, 674, 1014, 775, 1186, 834, 99, 1123, 675, 11, 681, 0, 1022, 7, 565, 72, 756, 403, 491, 86, 805, 315, 568, 268, 1018, 322, 622, 1185, 745, 228, 1163, 829, 889, 530, 891, 682, 838, 492, 578, 979, 545, 976, 102, 212, 1072, 19, 544, 662, 628, 974, 200, 496, 68, 612, 320, 591, 380, 869, 738, 149, 839, 903, 759, 21, 837, 119, 286, 455, 513, 649, 453, 789, 1039, 1043, 993, 1055, 376, 389, 701, 996, 603, 408, 131, 80, 898, 390, 890, 1204, 562, 609, 951, 836, 23, 1176, 1206, 881, 1178, 397, 395, 594, 307, 754, 835, 819, 1047, 803, 941, 238, 271, 1168, 1188, 244, 885, 946, 331, 850, 274, 1002, 843, 296, 566, 335, 1068, 384, 382, 929, 1021, 232, 202, 35, 218, 1165, 761, 955, 140, 312, 48, 10, 346, 851, 224, 1092, 357, 1154, 14, 546, 121, 241, 527, 740, 484, 94, 173, 642, 17, 531, 1091, 65, 730, 300, 414, 309, 940, 172, 175, 1153, 559, 791, 1010, 250, 896, 969, 112, 267, 1115, 1027, 430, 288, 70, 741, 1017, 1037, 802, 1125, 304, 659, 1059, 781, 229, 680, 157, 824, 506, 316, 438, 413, 165, 721, 132, 450, 1107, 826, 38, 210, 462, 150, 973, 204, 245, 652, 297, 1184, 764, 302, 1097, 226, 1129, 461, 912, 83, 186, 1089, 1199, 101, 495, 1195, 1200, 164, 428, 49, 735, 936, 248, 1057, 366, 962, 1050, 1081, 734, 1101, 798, 475, 596, 377, 695, 198, 313, 607, 535, 114, 499, 777, 667, 778, 539, 549, 419, 486, 853, 626, 666, 1183, 303, 849, 314, 902, 1111, 773, 398, 987, 994, 87, 243, 964, 261, 1061, 1138, 289, 581, 774, 1095, 1128, 118, 557, 400, 435, 886, 514, 769, 234, 478, 480, 526, 884, 1025, 711, 725, 113, 897, 42, 420, 1117, 146, 616, 613, 127, 573, 538, 655, 64, 1015, 552, 208, 5, 694, 1032, 914, 922, 55, 62, 1082, 285, 272, 339, 440, 643, 879, 169, 1106, 399, 678, 883, 291, 359, 1170, 345, 910, 20, 797, 822, 1134, 106, 608, 418, 31, 707, 464, 1130, 441, 459, 176, 1196, 1066, 287, 857, 46, 1048, 332, 782, 12, 370, 279, 602, 801, 840, 630, 806, 1008, 1090, 211, 1150, 117, 84, 188, 645, 161, 427, 650, 1136, 821, 1108, 57, 354, 830, 1113, 364, 533, 575, 984, 275, 536, 593, 992, 1122, 445, 190, 551, 1116, 1194, 215, 755, 978, 284, 693, 254, 426, 911, 317, 405, 489, 854, 1038, 541, 999, 618, 972, 151, 510, 448, 467, 684, 265, 137, 256, 293, 574, 443, 1094, 688, 848, 1201, 433, 683, 699, 477, 841, 814, 476, 954, 766, 1205, 351, 939, 148, 516, 1056, 1174, 717, 739, 180, 511, 670, 209, 747, 277, 482, 532, 182, 1131, 54, 174, 790, 862, 1104, 1175, 961, 33, 672, 584, 800, 812, 867, 1013, 203, 77, 479, 13, 177, 45, 1120, 342, 576, 1086, 1124, 69, 233, 981, 1192, 412, 710, 554, 29, 378, 3, 927, 292, 919, 583, 263, 264, 794, 846, 498, 770, 185, 472, 920, 1103, 259, 429, 1152, 181, 365, 515, 1031, 722, 963, 1023, 634, 709, 152, 724, 804, 1078, 409, 953, 56, 1164, 692, 772, 67, 494, 959, 1004, 41, 197, 749, 627, 635, 871, 95, 589, 751, 786, 1054, 362, 746, 1119, 1169, 451, 553, 760, 892, 665, 958, 998, 96, 319, 555, 944, 521, 381, 401, 733, 1096, 691, 980, 1064, 468, 1141, 588, 189, 421, 1065, 640, 720, 868, 1126, 306, 1049, 907, 1147, 625, 436, 592, 162, 460, 1135, 668, 1036, 813, 129, 305, 847, 153, 163, 864, 184, 416, 295, 988, 598, 875, 199, 470, 225, 792, 525, 995, 170, 446, 945, 1143, 133, 388, 36, 808, 375, 1077, 637, 704, 1040, 252, 894, 391, 473, 1197, 103, 387, 653, 301, 820, 1179, 512, 723, 122, 852, 895, 534, 601, 540, 861, 81, 255, 323, 98, 872, 237, 299, 373, 924, 43, 336, 932, 1042, 687, 679, 1161, 619, 827, 518, 663, 1208, 242, 298, 337, 547, 353, 156, 276, 340, 697, 1121, 155, 485, 108, 415, 752, 158, 1071, 1112, 191, 925, 660, 1020, 1137, 1073, 59, 1041, 125, 89, 743, 957, 1, 788, 1157, 950, 417, 736, 183, 1132, 748, 631, 753, 508, 580, 195, 865, 876, 392, 143, 394, 905, 1007, 968, 577, 222, 282, 1046, 385, 213, 917, 600, 483, 1033, 1156, 899, 471, 1005, 50, 449, 757, 971, 1093, 178, 882, 1158